,Chromosome,Start_x,End,Start_y,Count
0,1,1024462,1024463,1024462,2
1,1,1025561,1025562,1025561,1
2,1,1025970,1025971,1025970,1
3,1,1026084,1026085,1026084,1
4,1,1031087,1031088,1031087,2
5,1,1032846,1032847,1032846,2
6,1,1034279,1034280,1034279,2
7,1,1217733,1217734,1217733,1
8,1,1221275,1221276,1221275,1
9,1,1226486,1226487,1226486,1
10,1,1227302,1227303,1227302,1
11,1,1231710,1231711,1231710,1
12,1,1232416,1232417,1232416,1
13,1,1235602,1235603,1235602,1
14,1,1236303,1236304,1236303,1
15,1,1750226,1750227,1750226,1
16,1,1752126,1752127,1752126,1
17,1,1754601,1754602,1754601,1
18,1,1755504,1755505,1755504,1
19,1,1756186,1756187,1756186,1
20,1,1757074,1757075,1757074,1
21,1,1757725,1757726,1757725,1
22,1,1758323,1758324,1758323,1
23,1,3602615,3602616,3602615,1
24,1,3604307,3604308,3604307,1
25,1,3605576,3605577,3605576,1
26,1,3629700,3629701,3629700,1
27,1,3631572,3631573,3631572,1
28,1,3638060,3638061,3638060,1
29,1,3641557,3641558,3641557,1
30,1,3642466,3642467,3642466,1
31,1,3644410,3644411,3644410,1
32,1,3644419,3644420,3644419,1
33,1,3644421,3644422,3644421,1
34,1,3650061,3650062,3650061,2
35,1,3654319,3654320,3654319,1
36,1,3656168,3656169,3656168,1
37,1,3657855,3657856,3657855,1
38,1,3657856,3657857,3657856,1
39,1,3674884,3674885,3674884,1
40,1,3675872,3675873,3675872,1
41,1,3676442,3676443,3676442,1
42,1,3677541,3677542,3677541,1
43,1,3677687,3677688,3677687,1
44,1,3677850,3677851,3677850,1
45,1,3677927,3677928,3677927,1
46,1,5114621,5114622,5114621,1
47,1,5115778,5115779,5115778,1
48,1,5116920,5116921,5116920,1
49,1,6236178,6236179,6236178,1
50,1,7913283,7913284,7913283,1
51,1,7914340,7914341,7914340,1
52,1,7914484,7914485,7914484,1
53,1,7915535,7915536,7915535,1
54,1,7915729,7915730,7915729,1
55,1,9056840,9056841,9056840,1
56,1,9061338,9061339,9061338,1
57,1,9061439,9061440,9061439,1
58,1,9062449,9062450,9062449,1
59,1,9280257,9280258,9280257,2
60,1,9281869,9281870,9281869,2
61,1,9283740,9283741,9283740,2
62,1,9286524,9286525,9286524,2
63,1,9288507,9288508,9288507,2
64,1,9290312,9290313,9290312,2
65,1,9291432,9291433,9291432,2
66,1,9295209,9295210,9295209,1
67,1,9295217,9295218,9295217,2
68,1,9298430,9298431,9298430,1
69,1,10175479,10175480,10175479,1
70,1,11657243,11657244,11657243,1
71,1,11659667,11659668,11659667,1
72,1,11660968,11660969,11660968,1
73,1,11664651,11664652,11664651,1
74,1,11739171,11739172,11739171,1
75,1,11740421,11740422,11740421,1
76,1,11741585,11741586,11741585,1
77,1,11742377,11742378,11742377,1
78,1,11743229,11743230,11743229,1
79,1,11744232,11744233,11744232,1
80,1,11747369,11747370,11747369,1
81,1,11748649,11748650,11748649,1
82,1,11749345,11749346,11749345,1
83,1,11750916,11750917,11750916,1
84,1,11752070,11752071,11752070,1
85,1,11753332,11753333,11753332,1
86,1,11790946,11790947,11790946,1
87,1,11806987,11806988,11806987,1
88,1,11809458,11809459,11809458,1
89,1,11809521,11809522,11809521,1
90,1,11821263,11821264,11821263,1
91,1,11830738,11830739,11830738,1
92,1,11830740,11830741,11830740,1
93,1,11831166,11831167,11831166,1
94,1,11831439,11831440,11831439,1
95,1,11838976,11838977,11838976,1
96,1,11986032,11986033,11986032,2
97,1,11986823,11986824,11986823,2
98,1,11999355,11999356,11999355,1
99,1,12559794,12559795,12559794,1
100,1,12560679,12560680,12560679,1
101,1,12585236,12585237,12585236,1
102,1,15118147,15118148,15118147,1
103,1,15118276,15118277,15118276,1
104,1,15118336,15118337,15118336,1
105,1,15118564,15118565,15118564,1
106,1,15118690,15118691,15118690,1
107,1,15119160,15119161,15119160,1
108,1,15119162,15119163,15119162,1
109,1,15119559,15119560,15119559,1
110,1,15131906,15131907,15131906,2
111,1,15253804,15253805,15253804,1
112,1,15504965,15504966,15504965,1
113,1,15507865,15507866,15507865,1
114,1,15579006,15579007,15579006,1
115,1,15586282,15586283,15586282,1
116,1,15793745,15793746,15793745,1
117,1,16191330,16191331,16191330,1
118,1,16193406,16193407,16193406,1
119,1,16200034,16200035,16200034,1
120,1,16203554,16203555,16203554,2
121,1,16206527,16206528,16206527,2
122,1,16207335,16207336,16207335,2
123,1,16209309,16209310,16209309,1
124,1,16210794,16210795,16210794,1
125,1,16223037,16223038,16223037,2
126,1,16230128,16230129,16230128,2
127,1,16234533,16234534,16234533,2
128,1,16236473,16236474,16236473,2
129,1,16237140,16237141,16237140,2
130,1,16256191,16256192,16256191,1
131,1,16270063,16270064,16270063,1
132,1,16451317,16451318,16451317,1
133,1,16949400,16949401,16949400,2
134,1,16963416,16963417,16963416,3
135,1,16972001,16972002,16972001,1
136,1,16974953,16974954,16974953,3
137,1,16975285,16975286,16975285,1
138,1,16975405,16975406,16975405,3
139,1,16980428,16980429,16980428,1
140,1,16981663,16981664,16981663,1
141,1,16985387,16985388,16985387,1
142,1,17010896,17010897,17010896,1
143,1,17011965,17011966,17011965,1
144,1,19149298,19149299,19149298,1
145,1,19156715,19156716,19156715,1
146,1,19157099,19157100,19157099,1
147,1,19161162,19161163,19161162,1
148,1,19168759,19168760,19168759,1
149,1,19171802,19171803,19171802,1
150,1,19182344,19182345,19182344,1
151,1,19215687,19215688,19215687,1
152,1,19223265,19223266,19223265,1
153,1,19232090,19232091,19232090,1
154,1,19235655,19235656,19235655,1
155,1,19238850,19238851,19238850,1
156,1,19242228,19242229,19242228,1
157,1,19242478,19242479,19242478,1
158,1,19311596,19311597,19311596,1
159,1,19313501,19313502,19313501,1
160,1,19313596,19313597,19313596,1
161,1,19318361,19318362,19318361,1
162,1,19319179,19319180,19319179,1
163,1,19881129,19881130,19881129,1
164,1,19882976,19882977,19882976,1
165,1,19883658,19883659,19883658,1
166,1,19883678,19883679,19883678,1
167,1,19883682,19883683,19883682,1
168,1,19884608,19884609,19884608,1
169,1,19884628,19884629,19884628,1
170,1,19886254,19886255,19886254,1
171,1,19979653,19979654,19979653,1
172,1,20508117,20508118,20508117,4
173,1,20589208,20589209,20589208,1
174,1,20589745,20589746,20589745,1
175,1,21318802,21318803,21318802,1
176,1,21440112,21440113,21440112,1
177,1,21440170,21440171,21440170,1
178,1,21440603,21440604,21440603,1
179,1,22020645,22020646,22020645,1
180,1,22020759,22020760,22020759,1
181,1,22021611,22021612,22021611,1
182,1,22022063,22022064,22022063,1
183,1,22023672,22023673,22023672,1
184,1,22024054,22024055,22024054,1
185,1,22024833,22024834,22024833,1
186,1,22025483,22025484,22025483,1
187,1,22025615,22025616,22025615,1
188,1,22025902,22025903,22025902,1
189,1,23103107,23103108,23103107,1
190,1,23123492,23123493,23123492,1
191,1,23138705,23138706,23138705,1
192,1,23193013,23193014,23193013,1
193,1,26163267,26163268,26163267,1
194,1,26164527,26164528,26164527,1
195,1,26166680,26166681,26166680,1
196,1,26170849,26170850,26170849,1
197,1,26172545,26172546,26172545,1
198,1,26181546,26181547,26181546,1
199,1,26183819,26183820,26183819,1
200,1,26195334,26195335,26195334,1
201,1,26195723,26195724,26195723,1
202,1,26196917,26196918,26196917,1
203,1,26200716,26200717,26200716,1
204,1,26200764,26200765,26200764,1
205,1,26200813,26200814,26200813,1
206,1,26200819,26200820,26200819,1
207,1,26201318,26201319,26201318,1
208,1,26201319,26201320,26201319,1
209,1,26255600,26255601,26255600,1
210,1,26258683,26258684,26258683,1
211,1,26282158,26282159,26282158,1
212,1,26282291,26282292,26282291,1
213,1,26286834,26286835,26286834,1
214,1,26291139,26291140,26291139,1
215,1,26297779,26297780,26297779,1
216,1,26307486,26307487,26307486,1
217,1,26325610,26325611,26325610,1
218,1,26326828,26326829,26326828,1
219,1,26330736,26330737,26330736,1
220,1,26333246,26333247,26333246,1
221,1,26360180,26360181,26360180,1
222,1,26362033,26362034,26362033,1
223,1,26367754,26367755,26367754,1
224,1,26368804,26368805,26368804,1
225,1,26370135,26370136,26370135,1
226,1,26371556,26371557,26371556,1
227,1,26371963,26371964,26371963,1
228,1,26372447,26372448,26372447,1
229,1,26372612,26372613,26372612,1
230,1,26372666,26372667,26372666,1
231,1,26478678,26478679,26478678,1
232,1,27357905,27357906,27357905,1
233,1,27897313,27897314,27897313,1
234,1,28183124,28183125,28183124,1
235,1,28224835,28224836,28224835,1
236,1,28224842,28224843,28224842,1
237,1,28227549,28227550,28227549,1
238,1,28243803,28243804,28243803,1
239,1,28244258,28244259,28244258,1
240,1,28250147,28250148,28250147,1
241,1,28252410,28252411,28252410,1
242,1,28254554,28254555,28254554,1
243,1,28289441,28289442,28289441,1
244,1,29116150,29116151,29116150,1
245,1,30890562,30890563,30890562,1
246,1,34755129,34755130,34755129,1
247,1,34755518,34755519,34755518,1
248,1,34756713,34756714,34756713,1
249,1,34759243,34759244,34759243,1
250,1,34843655,34843656,34843655,1
251,1,36282235,36282236,36282235,1
252,1,36282241,36282242,36282241,1
253,1,36286551,36286552,36286551,1
254,1,36292460,36292461,36292460,1
255,1,36322287,36322288,36322287,1
256,1,36323945,36323946,36323945,1
257,1,36333373,36333374,36333373,1
258,1,37505436,37505437,37505436,1
259,1,37508896,37508897,37508896,1
260,1,37514297,37514298,37514297,1
261,1,37866240,37866241,37866240,1
262,1,37879269,37879270,37879269,1
263,1,37879349,37879350,37879349,1
264,1,37880724,37880725,37880724,1
265,1,37881745,37881746,37881745,1
266,1,37895724,37895725,37895724,1
267,1,37898603,37898604,37898603,1
268,1,37943440,37943441,37943440,1
269,1,37999643,37999644,37999643,1
270,1,38922425,38922426,38922425,1
271,1,38922736,38922737,38922736,1
272,1,38924645,38924646,38924645,1
273,1,38926560,38926561,38926560,1
274,1,38926793,38926794,38926793,1
275,1,38933160,38933161,38933160,1
276,1,38941054,38941055,38941054,1
277,1,38941917,38941918,38941917,1
278,1,38942668,38942669,38942668,1
279,1,39478508,39478509,39478508,1
280,1,39479096,39479097,39479096,1
281,1,39479625,39479626,39479625,1
282,1,39482552,39482553,39482552,1
283,1,39483069,39483070,39483069,1
284,1,39491497,39491498,39491497,1
285,1,39491629,39491630,39491629,1
286,1,39492408,39492409,39492408,1
287,1,39493413,39493414,39493413,1
288,1,39499302,39499303,39499302,1
289,1,39751700,39751701,39751700,1
290,1,39755825,39755826,39755825,1
291,1,39763331,39763332,39763331,1
292,1,39776353,39776354,39776353,1
293,1,39781077,39781078,39781077,1
294,1,39785326,39785327,39785326,1
295,1,39837955,39837956,39837955,1
296,1,39846381,39846382,39846381,1
297,1,39847435,39847436,39847435,1
298,1,39851773,39851774,39851773,1
299,1,39855522,39855523,39855522,1
300,1,41367417,41367418,41367417,1
301,1,41367490,41367491,41367490,1
302,1,41368772,41368773,41368772,1
303,1,41369961,41369962,41369961,1
304,1,41370013,41370014,41370013,1
305,1,41376678,41376679,41376678,1
306,1,41379574,41379575,41379574,1
307,1,41381352,41381353,41381352,1
308,1,41382624,41382625,41382624,1
309,1,42802299,42802300,42802299,1
310,1,42805362,42805363,42805362,1
311,1,42813461,42813462,42813461,1
312,1,42818381,42818382,42818381,1
313,1,42836844,42836845,42836844,1
314,1,42837694,42837695,42837694,1
315,1,42838697,42838698,42838697,1
316,1,42844968,42844969,42844968,1
317,1,42845494,42845495,42845494,1
318,1,42845892,42845893,42845892,1
319,1,42852122,42852123,42852122,1
320,1,45384647,45384648,45384647,1
321,1,45424483,45424484,45424483,1
322,1,45429219,45429220,45429219,1
323,1,45432458,45432459,45432458,1
324,1,45432519,45432520,45432519,1
325,1,45462176,45462177,45462176,1
326,1,45473919,45473920,45473919,1
327,1,46562271,46562272,46562271,1
328,1,46564408,46564409,46564408,1
329,1,46565668,46565669,46565668,1
330,1,46568177,46568178,46568177,1
331,1,46570318,46570319,46570318,1
332,1,46581769,46581770,46581769,1
333,1,46590555,46590556,46590555,1
334,1,46591961,46591962,46591961,1
335,1,46593191,46593192,46593191,1
336,1,54199451,54199452,54199451,1
337,1,54561151,54561152,54561151,1
338,1,54568127,54568128,54568127,1
339,1,54569596,54569597,54569596,1
340,1,54569675,54569676,54569675,1
341,1,54571936,54571937,54571936,1
342,1,54580257,54580258,54580257,1
343,1,54580310,54580311,54580310,1
344,1,54580422,54580423,54580422,1
345,1,55021673,55021674,55021673,1
346,1,55023869,55023870,55023869,1
347,1,55025188,55025189,55025188,1
348,1,55026242,55026243,55026242,1
349,1,61741582,61741583,61741582,1
350,1,61742713,61742714,61742713,1
351,1,61746932,61746933,61746932,1
352,1,61754266,61754267,61754266,1
353,1,61755896,61755897,61755896,1
354,1,61756886,61756887,61756886,1
355,1,62017951,62017952,62017951,1
356,1,63359062,63359063,63359062,1
357,1,63359819,63359820,63359819,1
358,1,63360074,63360075,63360074,1
359,1,63363429,63363430,63363429,1
360,1,63367765,63367766,63367765,1
361,1,63367779,63367780,63367779,1
362,1,64832172,64832173,64832172,1
363,1,64832940,64832941,64832940,1
364,1,64835807,64835808,64835807,1
365,1,64841726,64841727,64841726,1
366,1,64853772,64853773,64853772,1
367,1,64860412,64860413,64860412,1
368,1,64866214,64866215,64866214,1
369,1,65413805,65413806,65413805,1
370,1,65421825,65421826,65421825,1
371,1,65421923,65421924,65421923,1
372,1,65422877,65422878,65422877,1
373,1,65423171,65423172,65423171,1
374,1,65424553,65424554,65424553,1
375,1,65425016,65425017,65425016,1
376,1,66607348,66607349,66607348,1
377,1,66705829,66705830,66705829,1
378,1,66795128,66795129,66795128,1
379,1,77811292,77811293,77811292,1
380,1,77865541,77865542,77865541,1
381,1,77926761,77926762,77926761,1
382,1,77995251,77995252,77995251,1
383,1,78029491,78029492,78029491,1
384,1,79004010,79004011,79004010,2
385,1,79004180,79004181,79004180,2
386,1,79004703,79004704,79004703,2
387,1,79006111,79006112,79006111,2
388,1,79012051,79012052,79012051,2
389,1,79020467,79020468,79020467,2
390,1,79024617,79024618,79024617,2
391,1,84952096,84952097,84952096,1
392,1,85196130,85196131,85196130,1
393,1,85197168,85197169,85197168,1
394,1,85197777,85197778,85197777,1
395,1,85204890,85204891,85204890,1
396,1,85205501,85205502,85205501,1
397,1,85209944,85209945,85209944,1
398,1,85211277,85211278,85211277,1
399,1,85277901,85277902,85277901,1
400,1,87124099,87124100,87124099,1
401,1,87129405,87129406,87129405,1
402,1,87129553,87129554,87129553,1
403,1,87132434,87132435,87132434,1
404,1,87138562,87138563,87138562,1
405,1,87147585,87147586,87147585,1
406,1,87148492,87148493,87148492,1
407,1,87148553,87148554,87148553,1
408,1,87149138,87149139,87149138,1
409,1,88993078,88993079,88993078,1
410,1,88999555,88999556,88999555,1
411,1,89006209,89006210,89006209,3
412,1,89009135,89009136,89009135,3
413,1,89009452,89009453,89009452,3
414,1,89010159,89010160,89010159,3
415,1,89010247,89010248,89010247,3
416,1,89012940,89012941,89012940,2
417,1,89012941,89012942,89012941,1
418,1,89015900,89015901,89015900,3
419,1,89019515,89019516,89019515,1
420,1,91499389,91499390,91499389,1
421,1,91500293,91500294,91500293,1
422,1,91500888,91500889,91500888,1
423,1,94868401,94868402,94868401,1
424,1,94915867,94915868,94915867,1
425,1,94926014,94926015,94926014,1
426,1,94928425,94928426,94928425,1
427,1,94930060,94930061,94930060,1
428,1,94932483,94932484,94932483,1
429,1,94951833,94951834,94951833,1
430,1,95184352,95184353,95184352,1
431,1,95196702,95196703,95196702,1
432,1,95199787,95199788,95199787,1
433,1,95216104,95216105,95216104,1
434,1,95237342,95237343,95237342,1
435,1,100353172,100353173,100353172,2
436,1,100554212,100554213,100554212,1
437,1,101847147,101847148,101847147,1
438,1,101848210,101848211,101848210,1
439,1,101849245,101849246,101849245,1
440,1,101850640,101850641,101850640,1
441,1,101850737,101850738,101850737,1
442,1,101850903,101850904,101850903,1
443,1,101852298,101852299,101852298,1
444,1,101853363,101853364,101853363,1
445,1,101853471,101853472,101853471,1
446,1,101859580,101859581,101859580,1
447,1,108190666,108190667,108190666,1
448,1,108196158,108196159,108196158,1
449,1,108197860,108197861,108197860,1
450,1,108199152,108199153,108199152,1
451,1,108199508,108199509,108199508,1
452,1,108712891,108712892,108712891,1
453,1,108716296,108716297,108716296,2
454,1,108719303,108719304,108719303,2
455,1,108723565,108723566,108723565,2
456,1,108724482,108724483,108724482,2
457,1,108864174,108864175,108864174,1
458,1,109045908,109045909,109045908,1
459,1,109048176,109048177,109048176,1
460,1,109048200,109048201,109048200,1
461,1,109049614,109049615,109049614,1
462,1,109049639,109049640,109049639,1
463,1,109049851,109049852,109049851,1
464,1,109060530,109060531,109060530,1
465,1,109065414,109065415,109065414,1
466,1,109229079,109229080,109229079,1
467,1,109232735,109232736,109232735,1
468,1,109233548,109233549,109233548,1
469,1,109233910,109233911,109233910,1
470,1,109239287,109239288,109239287,1
471,1,109239381,109239382,109239381,1
472,1,109239415,109239416,109239415,1
473,1,109239640,109239641,109239640,1
474,1,109627335,109627336,109627335,1
475,1,109628274,109628275,109628274,1
476,1,109629083,109629084,109629083,1
477,1,109629724,109629725,109629724,1
478,1,109632269,109632270,109632269,1
479,1,109632406,109632407,109632406,1
480,1,109632870,109632871,109632870,1
481,1,109633938,109633939,109633938,1
482,1,109634225,109634226,109634225,1
483,1,109638544,109638545,109638544,1
484,1,109639007,109639008,109639007,2
485,1,109639783,109639784,109639783,1
486,1,109651023,109651024,109651023,4
487,1,109654510,109654511,109654510,3
488,1,109656105,109656106,109656105,2
489,1,109680279,109680280,109680279,1
490,1,109682397,109682398,109682397,2
491,1,109687453,109687454,109687453,4
492,1,109690516,109690517,109690516,1
493,1,109698559,109698560,109698559,1
494,1,109727471,109727472,109727471,1
495,1,109728286,109728287,109728286,1
496,1,109728807,109728808,109728807,1
497,1,109735327,109735328,109735327,1
498,1,109736431,109736432,109736431,1
499,1,109739319,109739320,109739319,1
500,1,109740350,109740351,109740350,4
501,1,109741163,109741164,109741163,4
502,1,109753716,109753717,109753716,1
503,1,110322448,110322449,110322448,1
504,1,110323012,110323013,110323012,1
505,1,110331409,110331410,110331409,1
506,1,110332802,110332803,110332802,1
507,1,110343539,110343540,110343539,1
508,1,110344151,110344152,110344151,1
509,1,110344453,110344454,110344453,1
510,1,110371663,110371664,110371663,1
511,1,110380637,110380638,110380637,1
512,1,110383838,110383839,110383838,1
513,1,115020800,115020801,115020800,1
514,1,115319633,115319634,115319633,1
515,1,115319996,115319997,115319996,1
516,1,115320020,115320021,115320020,1
517,1,115324650,115324651,115324650,1
518,1,116897500,116897501,116897500,1
519,1,116909700,116909701,116909700,1
520,1,116986836,116986837,116986836,1
521,1,116988998,116988999,116988998,1
522,1,117058997,117058998,117058997,1
523,1,117060534,117060535,117060534,1
524,1,117060977,117060978,117060977,1
525,1,117061183,117061184,117061183,1
526,1,117061187,117061188,117061187,1
527,1,117061234,117061235,117061234,1
528,1,117061249,117061250,117061249,1
529,1,117061948,117061949,117061948,1
530,1,117061994,117061995,117061994,1
531,1,117062714,117062715,117062714,1
532,1,119132025,119132026,119132025,1
533,1,119140767,119140768,119140767,1
534,1,119141627,119141628,119141627,1
535,1,119143481,119143482,119143481,1
536,1,119143735,119143736,119143735,1
537,1,119152260,119152261,119152260,1
538,1,119165121,119165122,119165121,1
539,1,146069407,146069408,146069407,1
540,1,147624704,147624705,147624704,1
541,1,147647471,147647472,147647471,1
542,1,147656613,147656614,147656613,1
543,1,148989863,148989864,148989863,3
544,1,150558904,150558905,150558904,2
545,1,151063152,151063153,151063152,1
546,1,151071113,151071114,151071113,1
547,1,151091640,151091641,151091640,1
548,1,151092039,151092040,151092039,1
549,1,151528961,151528962,151528961,1
550,1,151532213,151532214,151532213,1
551,1,151539954,151539955,151539954,1
552,1,151540326,151540327,151540326,1
553,1,151546876,151546877,151546876,1
554,1,151551890,151551891,151551890,1
555,1,152189630,152189631,152189630,1
556,1,152189657,152189658,152189657,1
557,1,152194931,152194932,152194931,1
558,1,152196241,152196242,152196241,1
559,1,152197776,152197777,152197776,1
560,1,152198985,152198986,152198985,1
561,1,152201496,152201497,152201496,1
562,1,152208552,152208553,152208552,1
563,1,152210284,152210285,152210284,1
564,1,153609927,153609928,153609927,1
565,1,153614780,153614781,153614780,1
566,1,153615732,153615733,153615732,1
567,1,153615803,153615804,153615803,1
568,1,153616367,153616368,153616367,1
569,1,153617778,153617779,153617778,1
570,1,153619176,153619177,153619176,1
571,1,153628302,153628303,153628302,1
572,1,154808044,154808045,154808044,1
573,1,154811628,154811629,154811628,1
574,1,154815348,154815349,154815348,1
575,1,154845778,154845779,154845778,1
576,1,154910985,154910986,154910985,1
577,1,154914483,154914484,154914483,1
578,1,154927585,154927586,154927585,1
579,1,154937845,154937846,154937845,1
580,1,154938253,154938254,154938253,1
581,1,155061442,155061443,155061442,1
582,1,155062156,155062157,155062156,1
583,1,155229031,155229032,155229031,1
584,1,155275389,155275390,155275389,1
585,1,155278428,155278429,155278428,1
586,1,155394542,155394543,155394542,1
587,1,155614836,155614837,155614836,1
588,1,155846523,155846524,155846523,1
589,1,155894969,155894970,155894969,1
590,1,155908941,155908942,155908941,1
591,1,155911161,155911162,155911161,1
592,1,155922165,155922166,155922165,1
593,1,155922752,155922753,155922752,1
594,1,155938032,155938033,155938032,1
595,1,156297689,156297690,156297689,1
596,1,156302480,156302481,156302480,1
597,1,156305490,156305491,156305490,1
598,1,156317612,156317613,156317612,1
599,1,156322575,156322576,156322575,1
600,1,156323264,156323265,156323264,1
601,1,156334991,156334992,156334991,1
602,1,156344313,156344314,156344313,1
603,1,156344836,156344837,156344836,1
604,1,156559987,156559988,156559987,1
605,1,156560407,156560408,156560407,1
606,1,156562552,156562553,156562552,1
607,1,156563116,156563117,156563116,1
608,1,156564733,156564734,156564733,1
609,1,156564747,156564748,156564747,1
610,1,156566960,156566961,156566960,1
611,1,156568938,156568939,156568938,1
612,1,159288755,159288756,159288755,1
613,1,159302270,159302271,159302270,1
614,1,159926189,159926190,159926189,1
615,1,159926504,159926505,159926504,1
616,1,159928310,159928311,159928310,1
617,1,159932996,159932997,159932996,1
618,1,159933844,159933845,159933844,1
619,1,159935098,159935099,159935098,1
620,1,159936366,159936367,159936366,1
621,1,159937383,159937384,159937383,1
622,1,159937572,159937573,159937572,1
623,1,159937577,159937578,159937577,1
624,1,160982042,160982043,160982042,1
625,1,161038745,161038746,161038745,1
626,1,161073084,161073085,161073084,1
627,1,161075338,161075339,161075338,1
628,1,161075873,161075874,161075873,1
629,1,161077430,161077431,161077430,1
630,1,161715970,161715971,161715970,2
631,1,161722137,161722138,161722137,2
632,1,161725849,161725850,161725849,2
633,1,161728404,161728405,161728404,2
634,1,161730441,161730442,161730441,2
635,1,161734022,161734023,161734022,1
636,1,162766900,162766901,162766900,1
637,1,162778235,162778236,162778235,1
638,1,162783302,162783303,162783302,1
639,1,162784259,162784260,162784259,1
640,1,162787456,162787457,162787456,1
641,1,162788827,162788828,162788827,1
642,1,162790761,162790762,162790761,1
643,1,162795846,162795847,162795846,1
644,1,162796021,162796022,162796021,1
645,1,162796686,162796687,162796686,1
646,1,165630223,165630224,165630223,1
647,1,165630412,165630413,165630412,1
648,1,165630537,165630538,165630537,1
649,1,165630621,165630622,165630621,1
650,1,165630909,165630910,165630909,1
651,1,165631030,165631031,165631030,1
652,1,165631369,165631370,165631369,1
653,1,165632128,165632129,165632128,1
654,1,169693601,169693602,169693601,1
655,1,169693837,169693838,169693837,1
656,1,169695726,169695727,169695726,2
657,1,169696491,169696492,169696491,2
658,1,169697846,169697847,169697846,2
659,1,170087329,170087330,170087329,1
660,1,170091511,170091512,170091511,1
661,1,170103381,170103382,170103381,1
662,1,170103667,170103668,170103667,1
663,1,170112334,170112335,170112334,1
664,1,170112598,170112599,170112598,1
665,1,170116448,170116449,170116448,1
666,1,170116896,170116897,170116896,1
667,1,170119262,170119263,170119262,1
668,1,170119267,170119268,170119267,1
669,1,175193171,175193172,175193171,1
670,1,179022752,179022753,179022752,1
671,1,179026148,179026149,179026148,1
672,1,179059700,179059701,179059700,1
673,1,179086126,179086127,179086126,1
674,1,179095990,179095991,179095990,1
675,1,179586812,179586813,179586812,1
676,1,179590497,179590498,179590497,1
677,1,179591019,179591020,179591019,1
678,1,180155499,180155500,180155499,2
679,1,180157972,180157973,180157972,2
680,1,180158613,180158614,180158613,1
681,1,180170966,180170967,180170966,1
682,1,182589002,182589003,182589002,1
683,1,182589381,182589382,182589381,1
684,1,182589684,182589685,182589684,1
685,1,182590218,182590219,182590218,1
686,1,182596139,182596140,182596139,1
687,1,183186170,183186171,183186170,3
688,1,183186347,183186348,183186347,1
689,1,183186565,183186566,183186565,1
690,1,184369352,184369353,184369352,1
691,1,184398593,184398594,184398593,2
692,1,184414792,184414793,184414792,2
693,1,184416022,184416023,184416022,3
694,1,184418229,184418230,184418229,3
695,1,184432174,184432175,184432174,2
696,1,184436225,184436226,184436225,2
697,1,184438289,184438290,184438289,2
698,1,184438295,184438296,184438295,2
699,1,196740093,196740094,196740093,1
700,1,196755854,196755855,196755854,1
701,1,200193663,200193664,200193663,1
702,1,200681362,200681363,200681362,1
703,1,200699062,200699063,200699062,1
704,1,200700052,200700053,200700052,1
705,1,200700900,200700901,200700900,1
706,1,200701253,200701254,200701253,1
707,1,200703966,200703967,200703966,1
708,1,200704177,200704178,200704177,1
709,1,200728061,200728062,200728061,1
710,1,201003326,201003327,201003326,1
711,1,201141835,201141836,201141835,3
712,1,201144269,201144270,201144269,3
713,1,201147783,201147784,201147783,2
714,1,201151602,201151603,201151602,3
715,1,201154617,201154618,201154617,3
716,1,201154671,201154672,201154671,3
717,1,201156198,201156199,201156198,3
718,1,201973601,201973602,201973601,2
719,1,201973882,201973883,201973882,2
720,1,201974306,201974307,201974306,1
721,1,201974813,201974814,201974813,2
722,1,201977799,201977800,201977799,2
723,1,201978306,201978307,201978306,2
724,1,201978644,201978645,201978644,2
725,1,201981821,201981822,201981821,1
726,1,201984613,201984614,201984613,1
727,1,201984753,201984754,201984753,1
728,1,201984828,201984829,201984828,1
729,1,201984866,201984867,201984866,1
730,1,201984883,201984884,201984883,1
731,1,201985084,201985085,201985084,1
732,1,201985301,201985302,201985301,1
733,1,201985390,201985391,201985390,1
734,1,201985640,201985641,201985640,2
735,1,201985696,201985697,201985696,2
736,1,201985859,201985860,201985859,2
737,1,201986714,201986715,201986714,1
738,1,202695309,202695310,202695309,1
739,1,202710926,202710927,202710926,1
740,1,202712135,202712136,202712135,1
741,1,202715729,202715730,202715729,1
742,1,202715740,202715741,202715740,1
743,1,202716675,202716676,202716675,1
744,1,202716787,202716788,202716787,1
745,1,202716791,202716792,202716791,1
746,1,202716793,202716794,202716793,1
747,1,203180945,203180946,203180945,1
748,1,203181051,203181052,203181051,1
749,1,203181080,203181081,203181080,1
750,1,203181575,203181576,203181575,1
751,1,203181628,203181629,203181628,1
752,1,203182048,203182049,203182048,1
753,1,203186575,203186576,203186575,1
754,1,203186870,203186871,203186870,1
755,1,203187994,203187995,203187994,1
756,1,203192154,203192155,203192154,1
757,1,209806290,209806291,209806290,1
758,1,209806652,209806653,209806652,1
759,1,209806810,209806811,209806810,1
760,1,209807144,209807145,209807144,1
761,1,209807412,209807413,209807412,1
762,1,212684961,212684962,212684961,1
763,1,212696477,212696478,212696477,1
764,1,212699839,212699840,212699839,1
765,1,212787524,212787525,212787524,1
766,1,212790876,212790877,212790876,1
767,1,212794079,212794080,212794079,1
768,1,212822212,212822213,212822212,1
769,1,212906662,212906663,212906662,3
770,1,212906665,212906666,212906665,3
771,1,217662757,217662758,217662757,1
772,1,217665359,217665360,217665359,1
773,1,217667114,217667115,217667114,1
774,1,217681000,217681001,217681000,1
775,1,217683445,217683446,217683445,1
776,1,217695962,217695963,217695962,1
777,1,217720162,217720163,217720162,1
778,1,218284716,218284717,218284716,1
779,1,218285209,218285210,218285209,1
780,1,218285215,218285216,218285215,1
781,1,218290301,218290302,218290301,1
782,1,218292124,218292125,218292124,1
783,1,218298041,218298042,218298041,1
784,1,218310631,218310632,218310631,1
785,1,218313972,218313973,218313972,1
786,1,218315161,218315162,218315161,1
787,1,218342968,218342969,218342968,1
788,1,220719904,220719905,220719904,1
789,1,220720708,220720709,220720708,1
790,1,220721523,220721524,220721523,1
791,1,220722258,220722259,220722258,1
792,1,220722305,220722306,220722305,1
793,1,220723176,220723177,220723176,1
794,1,220723562,220723563,220723562,1
795,1,222546244,222546245,222546244,1
796,1,222552508,222552509,222552508,1
797,1,222555766,222555767,222555766,1
798,1,222556240,222556241,222556240,1
799,1,222557151,222557152,222557151,1
800,1,222557152,222557153,222557152,1
801,1,222557153,222557154,222557153,1
802,1,222558181,222558182,222558181,1
803,1,222577692,222577693,222577692,1
804,1,222588974,222588975,222588974,1
805,1,222589873,222589874,222589873,1
806,1,222590319,222590320,222590319,1
807,1,222596251,222596252,222596251,1
808,1,222600932,222600933,222600932,1
809,1,227735217,227735218,227735217,1
810,1,227741740,227741741,227741740,1
811,1,227747743,227747744,227747743,1
812,1,227748826,227748827,227748826,1
813,1,227750714,227750715,227750714,1
814,1,227767688,227767689,227767688,1
815,1,227769890,227769891,227769890,1
816,1,227775377,227775378,227775377,1
817,1,227775423,227775424,227775423,1
818,1,228388552,228388553,228388552,1
819,1,228398549,228398550,228398549,1
820,1,229413770,229413771,229413770,1
821,1,229416435,229416436,229416435,1
822,1,229416436,229416437,229416436,2
823,1,229416444,229416445,229416444,1
824,1,229416445,229416446,229416445,1
825,1,229418334,229418335,229418334,2
826,1,229418335,229418336,229418335,2
827,1,229418353,229418354,229418353,2
828,1,229418370,229418371,229418370,2
829,1,230714140,230714141,230714140,4
830,1,230828889,230828890,230828889,1
831,1,230835453,230835454,230835453,1
832,1,230836051,230836052,230836051,1
833,1,230839028,230839029,230839028,1
834,1,230839708,230839709,230839708,1
835,1,230849794,230849795,230849794,1
836,1,230851995,230851996,230851995,1
837,1,232935057,232935058,232935057,4
838,1,232953982,232953983,232953982,4
839,1,232955717,232955718,232955717,4
840,1,232969255,232969256,232969255,4
841,1,232978862,232978863,232978862,2
842,1,234373513,234373514,234373513,1
843,1,234375757,234375758,234375757,2
844,1,234383706,234383707,234383706,2
845,1,234391122,234391123,234391122,1
846,1,234392246,234392247,234392246,1
847,1,234392260,234392261,234392260,1
848,1,234395263,234395264,234395263,1
849,1,235396248,235396249,235396248,1
850,1,235466230,235466231,235466230,2
851,1,235488623,235488624,235488623,3
852,1,235489470,235489471,235489470,3
853,1,235494456,235494457,235494456,1
854,1,235498843,235498844,235498843,1
855,1,235513988,235513989,235513988,1
856,1,235517715,235517716,235517715,1
857,1,235821116,235821117,235821116,1
858,1,235896914,235896915,235896914,1
859,1,237031263,237031264,237031263,1
860,1,237032219,237032220,237032219,1
861,1,239104533,239104534,239104533,1
862,1,239110817,239110818,239110817,1
863,1,239126319,239126320,239126319,1
864,1,241999723,241999724,241999723,1
865,1,242000633,242000634,242000633,1
866,1,242000928,242000929,242000928,1
867,1,242001812,242001813,242001812,1
868,1,242002012,242002013,242002012,1
869,1,242002077,242002078,242002077,1
870,1,242002136,242002137,242002136,1
871,1,242002411,242002412,242002411,1
872,1,242003176,242003177,242003176,1
873,1,242692200,242692201,242692200,1
874,1,242692480,242692481,242692480,1
875,1,242692869,242692870,242692869,1
876,1,242693296,242693297,242693296,1
877,1,242693494,242693495,242693494,1
878,1,242693631,242693632,242693631,1
879,1,242694118,242694119,242694118,1
880,1,242695191,242695192,242695191,1
881,1,244353032,244353033,244353032,2
882,1,244353936,244353937,244353936,2
883,1,244358225,244358226,244358225,1
884,1,244358434,244358435,244358434,1
885,1,244361458,244361459,244361458,2
886,1,244363923,244363924,244363923,2
887,1,244365452,244365453,244365452,2
888,1,244367180,244367181,244367180,2
889,1,244962708,244962709,244962708,1
890,1,244965992,244965993,244965992,3
891,1,244970360,244970361,244970360,3
892,1,245035798,245035799,245035798,1
893,1,246186147,246186148,246186147,1
894,1,246195396,246195397,246195396,1
895,1,246494905,246494906,246494905,1
896,1,246653552,246653553,246653552,1
897,1,247025353,247025354,247025353,1
898,1,247048078,247048079,247048078,1
899,1,247121179,247121180,247121179,1
900,1,247121719,247121720,247121719,1
901,1,247124886,247124887,247124886,1
902,1,247129976,247129977,247129976,1
903,1,247136877,247136878,247136877,1
904,1,247143531,247143532,247143531,1
905,1,247145489,247145490,247145489,1
906,1,247146551,247146552,247146551,1
907,1,247148804,247148805,247148804,1
908,1,247154117,247154118,247154117,1
909,1,247158699,247158700,247158699,1
910,1,247158996,247158997,247158996,1
911,1,247162115,247162116,247162115,1
