phenotype_id,cs_id,Chromosome,Start,End,pip,cs_size,NumberOverlaps
ENSG00000187583,ENSG00000187583_L1,1,1032846,1032847,0.426488703973271,7,1
ENSG00000188157,ENSG00000188157_L1,1,1032846,1032847,0.0211726769299906,18,1
ENSG00000188290,ENSG00000188290_L1,1,1032846,1032847,0.0237864447766808,4,1
ENSG00000187583,ENSG00000187583_L1,1,1034279,1034280,0.212940660451715,7,1
ENSG00000188157,ENSG00000188157_L1,1,1034279,1034280,0.112874215830303,18,1
ENSG00000188290,ENSG00000188290_L1,1,1034279,1034280,0.884123036067712,4,1
ENSG00000085491,ENSG00000085491_L2,1,108199152,108199153,0.221026552016233,5,1
ENSG00000143107,ENSG00000143107_L2,1,108712891,108712892,0.947100417035706,2,1
ENSG00000116266,ENSG00000116266_L1,1,108716296,108716297,0.255791886160044,4,1
ENSG00000143107,ENSG00000143107_L1,1,108716296,108716297,0.198683179984464,4,1
ENSG00000197780,ENSG00000197780_L1,1,109048176,109048177,0.161663191981498,8,1
ENSG00000143126,ENSG00000143126_L1,1,109239287,109239288,0.136280431400161,8,1
ENSG00000168765,ENSG00000168765_L1,1,109654510,109654511,0.695995285600225,2,1
ENSG00000213366,ENSG00000213366_L1,1,109680279,109680280,0.996580304874588,1,1
ENSG00000134184,ENSG00000134184_L1,1,109687453,109687454,0.99990060516699,1,1
ENSG00000134202,ENSG00000134202_L1,1,109741163,109741164,0.441266592172239,3,1
ENSG00000116663,ENSG00000116663_L1,1,11664651,11664652,0.384628454398939,4,1
ENSG00000134256,ENSG00000134256_L1,1,116986836,116986837,0.900099898011315,2,1
ENSG00000177674,ENSG00000177674_L1,1,11739171,11739172,0.385542450603676,4,1
ENSG00000177000,ENSG00000177000_L1,1,11790946,11790947,0.900838424997552,2,1
ENSG00000215910,ENSG00000215910_L1,1,11830738,11830739,0.135670792566622,8,1
ENSG00000231365,ENSG00000231365_L1,1,119152260,119152261,0.937293900214618,7,1
ENSG00000176022,ENSG00000176022_L1,1,1226486,1226487,0.254306888853333,8,1
ENSG00000233396,ENSG00000233396_L1,1,146069407,146069408,0.98205185806371,1,1
ENSG00000162836,ENSG00000162836_L1,1,147647471,147647472,0.999999986872394,1,1
ENSG00000178104,ENSG00000178104_L1,1,148989863,148989864,0.99999985423967,1,3
ENSG00000269713,ENSG00000269713_L1,1,148989863,148989864,0.99999999352257,1,3
ENSG00000274265,ENSG00000274265_L1,1,148989863,148989864,0.999999999985077,1,3
ENSG00000143458,ENSG00000143458_L1,1,151071113,151071114,0.351603783716319,4,1
ENSG00000171729,ENSG00000171729_L1,1,15131906,15131907,0.89905791610084,9,2
ENSG00000175147,ENSG00000175147_L1,1,15131906,15131907,0.99327487947125,1,2
ENSG00000143367,ENSG00000143367_L1,1,151528961,151528962,0.188222484200609,6,1
ENSG00000237975,ENSG00000237975_L1,1,152194931,152194932,0.162462945430981,9,1
ENSG00000142621,ENSG00000142621_L1,1,15253804,15253805,0.997918968682284,1,1
ENSG00000189334,ENSG00000189334_L1,1,153617778,153617779,0.2282587610859,8,1
ENSG00000196189,ENSG00000196189_L2,1,155394542,155394543,0.500076017064374,9,1
ENSG00000132906,ENSG00000132906_L1,1,15579006,15579007,0.692290757535376,4,1
ENSG00000143622,ENSG00000143622_L1,1,155938032,155938033,0.355271067647204,3,1
ENSG00000183856,ENSG00000183856_L1,1,156568938,156568939,0.205417490395893,8,1
ENSG00000162458,ENSG00000162458_L1,1,15793745,15793746,0.970877850049148,1,1
ENSG00000132881,ENSG00000132881_L1,1,16237140,16237141,0.259484482357996,5,1
ENSG00000226029,ENSG00000226029_L1,1,16451317,16451318,0.985126661775866,1,1
ENSG00000143198,ENSG00000143198_L1,1,165632128,165632129,0.277357710149735,8,1
ENSG00000117122,ENSG00000117122_L1,1,16972001,16972002,0.607419663167586,3,1
ENSG00000235750,ENSG00000235750_L1,1,175193171,175193172,0.981676720436195,1,1
ENSG00000268575,ENSG00000268575_L1,1,1758323,1758324,0.283549675229147,8,1
ENSG00000116199,ENSG00000116199_L2,1,179026148,179026149,0.565887176488935,3,1
ENSG00000162782,ENSG00000162782_L1,1,179590497,179590498,0.432405027046368,3,1
ENSG00000116260,ENSG00000116260_L1,1,180155499,180155500,0.537656789152054,2,1
ENSG00000135828,ENSG00000135828_L1,1,182589684,182589685,0.241259679098608,5,1
ENSG00000127463,ENSG00000127463_L1,1,19157099,19157100,0.171581915242482,7,1
ENSG00000053371,ENSG00000053371_L1,1,19313596,19313597,0.618490133285245,5,1
ENSG00000116785,ENSG00000116785_L1,1,196755854,196755855,0.557593166101169,2,1
ENSG00000188257,ENSG00000188257_L1,1,19979653,19979654,0.996625009335852,1,1
ENSG00000118197,ENSG00000118197_L1,1,200681362,200681363,0.999999999933628,1,1
ENSG00000234132,ENSG00000234132_L2,1,201003326,201003327,0.994246047693021,1,1
ENSG00000116857,ENSG00000116857_L1,1,201141835,201141836,0.194942299554868,7,1
ENSG00000143858,ENSG00000143858_L1,1,202710926,202710927,0.148882056639137,9,1
ENSG00000090432,ENSG00000090432_L1,1,20508117,20508118,0.994063047027041,1,1
ENSG00000158825,ENSG00000158825_L1,1,20589208,20589209,0.702370190247967,2,1
ENSG00000123685,ENSG00000123685_L2,1,212684961,212684962,0.519122839325981,3,1
ENSG00000203705,ENSG00000203705_L1,1,212787524,212787525,0.260780790911965,4,1
ENSG00000123685,ENSG00000123685_L1,1,212906665,212906666,0.500955684035028,2,2
ENSG00000143494,ENSG00000143494_L1,1,212906665,212906666,0.494821223780091,2,2
ENSG00000162769,ENSG00000162769_L1,1,212906665,212906666,0.499878061103505,2,2
ENSG00000185523,ENSG00000185523_L2,1,212906665,212906666,0.019643714147762,29,2
ENSG00000162551,ENSG00000162551_L2,1,21318802,21318803,0.964441087790041,1,1
ENSG00000142794,ENSG00000142794_L2,1,21440112,21440113,0.399140079321255,3,1
ENSG00000162814,ENSG00000162814_L1,1,217683445,217683446,0.169069133603353,7,1
ENSG00000162817,ENSG00000162817_L1,1,220719904,220719905,0.170272806130344,7,1
ENSG00000225265,ENSG00000225265_L1,1,222552508,222552509,0.421699343502698,7,1
ENSG00000143740,ENSG00000143740_L1,1,227747743,227747744,0.195261924994784,9,1
ENSG00000270104,ENSG00000270104_L1,1,228388552,228388553,0.495245369628461,2,1
ENSG00000143632,ENSG00000143632_L1,1,229418334,229418335,0.238899322829618,9,1
ENSG00000154429,ENSG00000154429_L1,1,229418334,229418335,0.0505433225077111,11,1
ENSG00000168118,ENSG00000168118_L1,1,229418334,229418335,0.354607538956749,5,1
ENSG00000143632,ENSG00000143632_L1,1,229418353,229418354,0.273814729851299,9,1
ENSG00000154429,ENSG00000154429_L1,1,229418353,229418354,0.0409146448763082,11,1
ENSG00000168118,ENSG00000168118_L1,1,229418353,229418354,0.216416689118615,5,1
ENSG00000135744,ENSG00000135744_L1,1,230714140,230714141,0.973011721209174,1,1
ENSG00000119280,ENSG00000119280_L1,1,230839708,230839709,0.744114540934898,5,1
ENSG00000223393,ENSG00000223393_L1,1,230849794,230849795,0.921067511629238,2,1
ENSG00000135778,ENSG00000135778_L1,1,232935057,232935058,0.430019613734141,4,1
ENSG00000168275,ENSG00000168275_L1,1,234375757,234375758,0.447888881935455,3,1
ENSG00000162885,ENSG00000162885_L1,1,235488623,235488624,0.419459911736555,5,1
ENSG00000198626,ENSG00000198626_L1,1,237032219,237032220,0.94631057025164,2,1
ENSG00000133019,ENSG00000133019_L1,1,239110817,239110818,0.583630930360234,3,1
ENSG00000197769,ENSG00000197769_L1,1,242000928,242000929,0.16169923494733,9,1
ENSG00000142684,ENSG00000142684_L1,1,26163267,26163268,0.542464124312731,3,1
ENSG00000142675,ENSG00000142675_L1,1,26183819,26183820,0.304998005100622,5,1
ENSG00000188782,ENSG00000188782_L1,1,26196917,26196918,0.485183582590462,7,1
ENSG00000176092,ENSG00000176092_L2,1,26360180,26360181,0.798575240128518,3,1
ENSG00000198830,ENSG00000198830_L1,1,26478678,26478679,0.997773667835679,1,1
ENSG00000142733,ENSG00000142733_L1,1,27357905,27357906,0.999999985628212,1,1
ENSG00000116353,ENSG00000116353_L1,1,29116150,29116151,0.967858066250713,1,1
ENSG00000189280,ENSG00000189280_L1,1,34755129,34755130,0.539349848542393,4,1
ENSG00000187513,ENSG00000187513_L1,1,34843655,34843656,0.999867636732815,1,1
ENSG00000162591,ENSG00000162591_L1,1,3602615,3602616,0.386011385247069,3,1
ENSG00000116883,ENSG00000116883_L1,1,36282235,36282236,0.334087069715407,7,1
ENSG00000116213,ENSG00000116213_L1,1,3629700,3629701,0.82574258341666,2,1
ENSG00000158109,ENSG00000158109_L1,1,3631572,3631573,0.306068875166082,7,1
ENSG00000078900,ENSG00000078900_L1,1,3675872,3675873,0.275290580140589,7,1
ENSG00000163875,ENSG00000163875_L1,1,37505436,37505437,0.33437638909933,3,1
ENSG00000158315,ENSG00000158315_L1,1,38942668,38942669,0.202130509215311,9,1
ENSG00000043514,ENSG00000043514_L1,1,39837955,39837956,0.359694503742724,5,1
ENSG00000204060,ENSG00000204060_L1,1,41376678,41376679,0.455811088317611,9,1
ENSG00000164010,ENSG00000164010_L1,1,42845494,42845495,0.193596566198956,7,1
ENSG00000132781,ENSG00000132781_L1,1,45384647,45384648,0.59917768197413,7,1
ENSG00000231510,ENSG00000231510_L1,1,5114621,5114622,0.598704172720592,3,1
ENSG00000215883,ENSG00000215883_L1,1,54199451,54199452,0.999999512612348,1,1
ENSG00000169174,ENSG00000169174_L1,1,55026242,55026243,0.691887683922442,4,1
ENSG00000132849,ENSG00000132849_L1,1,62017951,62017952,0.999999999786006,1,1
ENSG00000225077,ENSG00000225077_L1,1,6236178,6236179,0.999474605628248,1,1
ENSG00000088035,ENSG00000088035_L2,1,63359819,63359820,0.201721504551965,6,1
ENSG00000162437,ENSG00000162437_L1,1,64835807,64835808,0.259093811093021,7,1
ENSG00000162616,ENSG00000162616_L1,1,77811292,77811293,0.269408912327502,5,1
ENSG00000049247,ENSG00000049247_L1,1,7915535,7915536,0.369527539789163,5,1
ENSG00000162643,ENSG00000162643_L1,1,84952096,84952097,0.974703473203258,1,1
ENSG00000267272,ENSG00000267272_L1,1,87129553,87129554,0.26503482069787,9,1
ENSG00000097046,ENSG00000097046_L1,1,91500888,91500889,0.400872015410268,3,1
ENSG00000235501,ENSG00000235501_L1,1,94926014,94926015,0.28125739694979,7,1
ENSG00000122481,ENSG00000122481_L2,1,95237342,95237343,0.428857382583077,5,1
ENSG00000260077,ENSG00000260077_L2,2,10051634,10051635,0.236220236918518,9,1
ENSG00000119147,ENSG00000119147_L2,2,106065861,106065862,0.997893278654337,1,1
ENSG00000272275,ENSG00000272275_L1,2,10772836,10772837,0.587742537135316,6,1
ENSG00000198203,ENSG00000198203_L1,2,108288592,108288593,0.999985383246805,1,1
ENSG00000162976,ENSG00000162976_L1,2,11156148,11156149,0.301205085332987,5,1
ENSG00000169629,ENSG00000169629_L2,2,112387891,112387892,0.941686777878806,2,1
ENSG00000189223,ENSG00000189223_L2,2,113277339,113277340,0.922805442928853,3,1
ENSG00000134324,ENSG00000134324_L1,2,11784824,11784825,0.737032098155429,6,1
ENSG00000226856,ENSG00000226856_L2,2,118321008,118321009,0.984283364251021,1,1
ENSG00000171227,ENSG00000171227_L1,2,119437075,119437076,0.357458627901889,5,1
ENSG00000144118,ENSG00000144118_L2,2,120796190,120796191,0.809986967591755,3,1
ENSG00000152128,ENSG00000152128_L1,2,134525561,134525562,0.580839552543741,2,1
ENSG00000226383,ENSG00000226383_L2,2,156254967,156254968,0.545124392408621,2,1
ENSG00000285373,ENSG00000285373_L1,2,160270221,160270222,0.666967480135542,6,1
ENSG00000227403,ENSG00000227403_L1,2,161244750,161244751,0.48567792985299,8,1
ENSG00000115339,ENSG00000115339_L1,2,165707852,165707853,0.635769408721434,7,1
ENSG00000178662,ENSG00000178662_L1,2,165707852,165707853,0.112607408325151,49,1
ENSG00000235192,ENSG00000235192_L1,2,165707852,165707853,0.222431667208734,34,1
ENSG00000198648,ENSG00000198648_L1,2,168247489,168247490,0.232375468471427,9,1
ENSG00000138399,ENSG00000138399_L1,2,169531264,169531265,0.499797104170966,2,1
ENSG00000071967,ENSG00000071967_L2,2,171528864,171528865,0.529194217306612,5,1
ENSG00000152256,ENSG00000152256_L1,2,172478060,172478061,0.184285018678332,9,2
ENSG00000225205,ENSG00000225205_L1,2,172478060,172478061,0.323545977627185,8,2
ENSG00000213963,ENSG00000213963_L1,2,177283742,177283743,0.999978686020714,1,1
ENSG00000232057,ENSG00000232057_L1,2,1823224,1823225,0.246384889833365,4,1
ENSG00000163002,ENSG00000163002_L1,2,183125135,183125136,0.197710136171103,6,1
ENSG00000226124,ENSG00000226124_L2,2,199760858,199760859,0.18120670707631,9,1
ENSG00000132031,ENSG00000132031_L1,2,20012713,20012714,0.626633127090241,3,1
ENSG00000240344,ENSG00000240344_L1,2,200877622,200877623,0.999999641792038,1,1
ENSG00000118246,ENSG00000118246_L1,2,206776345,206776346,0.187042439038601,7,1
ENSG00000118961,ENSG00000118961_L1,2,20683858,20683859,0.156842517038949,7,1
ENSG00000231908,ENSG00000231908_L1,2,208341909,208341910,0.41126778516694,5,1
ENSG00000138363,ENSG00000138363_L1,2,215328877,215328878,0.316869981503203,6,1
ENSG00000260804,ENSG00000260804_L1,2,216187857,216187858,0.296253668459253,6,1
ENSG00000269068,ENSG00000269068_L1,2,219558645,219558646,0.191452514821329,6,1
ENSG00000123999,ENSG00000123999_L1,2,219572251,219572252,0.999544539738417,1,1
ENSG00000085449,ENSG00000085449_L1,2,223937787,223937788,0.936492570162274,2,1
ENSG00000123977,ENSG00000123977_L1,2,227917299,227917300,0.333597143208296,4,1
ENSG00000185404,ENSG00000185404_L1,2,230324332,230324333,0.119271714456623,9,1
ENSG00000238062,ENSG00000238062_L1,2,230982125,230982126,0.764660109510389,6,1
ENSG00000181798,ENSG00000181798_L1,2,231514081,231514082,0.999996512545886,1,1
ENSG00000085982,ENSG00000085982_L1,2,233363838,233363839,0.809642201640221,2,1
ENSG00000119771,ENSG00000119771_L2,2,23378430,23378431,0.530053684182583,5,1
ENSG00000234949,ENSG00000234949_L1,2,237591999,237592000,0.999988922743304,1,1
ENSG00000132329,ENSG00000132329_L1,2,237859174,237859175,0.780725064756566,3,1
ENSG00000204104,ENSG00000204104_L1,2,238321213,238321214,0.201942967035946,7,1
ENSG00000130414,ENSG00000130414_L1,2,240027895,240027896,0.999999999949473,1,1
ENSG00000168385,ENSG00000168385_L1,2,241355498,241355499,0.247155084754303,5,1
ENSG00000006607,ENSG00000006607_L2,2,241405280,241405281,0.358908144340254,4,1
ENSG00000180902,ENSG00000180902_L1,2,241756485,241756486,0.437536391156468,8,1
ENSG00000261186,ENSG00000261186_L1,2,242097293,242097294,0.173344676252959,9,1
ENSG00000138031,ENSG00000138031_L1,2,24925751,24925752,0.175900170896347,7,1
ENSG00000018699,ENSG00000018699_L1,2,32678481,32678482,0.990149103434999,1,1
ENSG00000049323,ENSG00000049323_L1,2,32932404,32932405,0.277573381169066,6,1
ENSG00000234171,ENSG00000234171_L1,2,3561474,3561475,0.398586538624592,5,1
ENSG00000231312,ENSG00000231312_L1,2,39528170,39528171,0.492749369108157,5,1
ENSG00000183023,ENSG00000183023_L1,2,40208185,40208186,0.240853018059693,7,1
ENSG00000250565,ENSG00000250565_L2,2,46540553,46540554,0.296423611675978,5,1
ENSG00000151665,ENSG00000151665_L1,2,46578895,46578896,0.57220659691948,2,1
ENSG00000234690,ENSG00000234690_L1,2,47325138,47325139,0.614321055408791,4,1
ENSG00000162869,ENSG00000162869_L1,2,48441151,48441152,0.270038207175205,6,1
ENSG00000170634,ENSG00000170634_L1,2,54082563,54082564,0.578342323580314,5,1
ENSG00000236106,ENSG00000236106_L1,2,5728940,5728941,0.999999927187441,1,1
ENSG00000186889,ENSG00000186889_L1,2,62505644,62505645,0.533142660702452,2,1
ENSG00000225889,ENSG00000225889_L1,2,64252508,64252509,0.999567306395514,1,1
ENSG00000281920,ENSG00000281920_L1,2,65555583,65555584,0.163783515313906,9,1
ENSG00000151353,ENSG00000151353_L1,2,671939,671940,0.361595868519257,3,1
ENSG00000163219,ENSG00000163219_L1,2,68674476,68674477,0.291390531076373,4,1
ENSG00000271947,ENSG00000271947_L1,2,6912507,6912508,0.206314897812608,7,1
ENSG00000217702,ENSG00000217702_L1,2,74110588,74110589,0.220574334913766,8,1
ENSG00000236209,ENSG00000236209_L1,2,74958729,74958730,0.999999999989744,1,1
ENSG00000223751,ENSG00000223751_L1,2,750078,750079,0.695493521304802,3,1
ENSG00000162951,ENSG00000162951_L1,2,80324484,80324485,0.303530949409218,4,1
ENSG00000042493,ENSG00000042493_L2,2,85382521,85382522,0.916874760373228,3,1
ENSG00000084090,ENSG00000084090_L1,2,96185381,96185382,0.329791419630543,3,1
ENSG00000115073,ENSG00000115073_L1,2,97658891,97658892,0.317283463477074,9,1
ENSG00000269973,ENSG00000269973_L1,2,9827491,9827492,0.71469069154085,3,1
ENSG00000115750,ENSG00000115750_L1,2,9845541,9845542,0.671422435123108,2,1
ENSG00000269973,ENSG00000269973_L1,2,9845541,9845542,0.162850549482167,3,1
ENSG00000231177,ENSG00000231177_L1,3,10287098,10287099,0.130748322242749,19,1
ENSG00000240288,ENSG00000240288_L1,3,10287098,10287099,0.305928331939401,7,1
ENSG00000163389,ENSG00000163389_L1,3,119472551,119472552,0.218228077481409,5,1
ENSG00000173226,ENSG00000173226_L2,3,121738397,121738398,0.255418983103088,8,1
ENSG00000114013,ENSG00000114013_L1,3,122065684,122065685,0.261940040680807,7,1
ENSG00000272758,ENSG00000272758_L1,3,122467105,122467106,0.944503346670284,5,1
ENSG00000169087,ENSG00000169087_L1,3,122793695,122793696,0.319161101772746,6,1
ENSG00000065534,ENSG00000065534_L1,3,123861129,123861130,0.585589953417111,6,1
ENSG00000114544,ENSG00000114544_L1,3,126085342,126085343,0.382270038980808,3,1
ENSG00000144712,ENSG00000144712_L1,3,12796583,12796584,0.990111259709667,1,1
ENSG00000240682,ENSG00000240682_L1,3,129147132,129147133,0.46495939117697,3,1
ENSG00000158163,ENSG00000158163_L1,3,138121321,138121322,0.296102268410764,4,1
ENSG00000168827,ENSG00000168827_L2,3,157664523,157664524,0.777952329364052,2,1
ENSG00000131373,ENSG00000131373_L1,3,15769725,15769726,0.5257274818992,2,1
ENSG00000171757,ENSG00000171757_L1,3,169812170,169812171,0.551475462089915,6,1
ENSG00000205981,ENSG00000205981_L1,3,181406088,181406089,0.998237559666985,1,1
ENSG00000078070,ENSG00000078070_L1,3,183055248,183055249,0.682929396698822,7,1
ENSG00000078081,ENSG00000078081_L1,3,183162707,183162708,0.997656408326405,1,1
ENSG00000161204,ENSG00000161204_L1,3,184186261,184186262,0.99106583173233,1,1
ENSG00000196083,ENSG00000196083_L1,3,190554336,190554337,0.316130752691829,4,1
ENSG00000231770,ENSG00000231770_L1,3,194585564,194585565,0.313811185740704,9,1
ENSG00000145113,ENSG00000145113_L1,3,195791736,195791737,0.971509823700362,1,1
ENSG00000242086,ENSG00000242086_L1,3,195947386,195947387,0.957065071146189,1,1
ENSG00000235897,ENSG00000235897_L1,3,196387466,196387467,0.380220490443579,4,1
ENSG00000163964,ENSG00000163964_L1,3,196712777,196712778,0.549474498386678,2,1
ENSG00000144566,ENSG00000144566_L1,3,19952983,19952984,0.217878749339994,6,1
ENSG00000225548,ENSG00000225548_L1,3,27875597,27875598,0.475377187194293,6,1
ENSG00000235904,ENSG00000235904_L1,3,29272427,29272428,0.379350290636944,5,1
ENSG00000144642,ENSG00000144642_L1,3,29346140,29346141,0.977120162783105,1,1
ENSG00000144681,ENSG00000144681_L1,3,36395583,36395584,0.266466149664308,9,1
ENSG00000168028,ENSG00000168028_L1,3,39407646,39407647,0.221238164872338,5,1
ENSG00000144455,ENSG00000144455_L1,3,4368850,4368851,0.497657919791699,3,1
ENSG00000272121,ENSG00000272121_L1,3,43987603,43987604,0.258301479090871,7,1
ENSG00000144791,ENSG00000144791_L1,3,45575999,45576000,0.279781928531929,7,1
ENSG00000164053,ENSG00000164053_L1,3,48466268,48466269,0.424199180476618,3,1
ENSG00000068745,ENSG00000068745_L1,3,48728725,48728726,0.445202861932317,8,1
ENSG00000186792,ENSG00000186792_L1,3,50295266,50295267,0.505749337880181,2,1
ENSG00000164081,ENSG00000164081_L1,3,51671175,51671176,0.302211997483444,6,1
ENSG00000144730,ENSG00000144730_L1,3,57126284,57126285,0.999918945196064,1,1
ENSG00000280620,ENSG00000280620_L1,3,63881852,63881853,0.610463981969304,5,1
ENSG00000172340,ENSG00000172340_L2,3,67414365,67414366,0.288701699568338,7,1
ENSG00000144747,ENSG00000144747_L1,3,69052218,69052219,0.29181326468368,5,1
ENSG00000239445,ENSG00000239445_L1,3,98713715,98713716,0.416252387938581,3,1
ENSG00000163703,ENSG00000163703_L1,3,9933702,9933703,0.991338171101299,1,1
ENSG00000127418,ENSG00000127418_L1,4,1011391,1011392,0.961157854830805,1,1
ENSG00000138821,ENSG00000138821_L1,4,102447345,102447346,0.149498943872544,9,1
ENSG00000164089,ENSG00000164089_L1,4,108712450,108712451,0.428168088415866,5,1
ENSG00000138794,ENSG00000138794_L1,4,109688889,109688890,0.464720933831688,3,1
ENSG00000180801,ENSG00000180801_L1,4,113976185,113976186,0.2990618327993,8,1
ENSG00000172403,ENSG00000172403_L1,4,118848466,118848467,0.230516281300528,5,1
ENSG00000164066,ENSG00000164066_L1,4,127655917,127655918,0.996432361670512,1,1
ENSG00000163945,ENSG00000163945_L1,4,1347765,1347766,0.411114084627946,4,1
ENSG00000085871,ENSG00000085871_L1,4,139677504,139677505,0.345559062061005,4,1
ENSG00000250312,ENSG00000250312_L1,4,157103,157104,0.973762164437034,1,1
ENSG00000164128,ENSG00000164128_L1,4,163412692,163412693,0.251960824872385,4,1
ENSG00000164129,ENSG00000164129_L1,4,163412692,163412693,0.249812580848158,4,1
ENSG00000164128,ENSG00000164128_L1,4,163414517,163414518,0.24914731889789,4,1
ENSG00000164129,ENSG00000164129_L1,4,163414517,163414518,0.253713015257652,4,1
ENSG00000198498,ENSG00000198498_L1,4,163530489,163530490,0.174582891868669,9,1
ENSG00000056050,ENSG00000056050_L1,4,169757842,169757843,1.0,1,1
ENSG00000151552,ENSG00000151552_L2,4,17545115,17545116,0.4755975397679,3,1
ENSG00000109674,ENSG00000109674_L1,4,177313030,177313031,0.510321059344906,2,1
ENSG00000038002,ENSG00000038002_L1,4,177440833,177440834,0.298959000591775,5,1
ENSG00000250131,ENSG00000250131_L1,4,177445063,177445064,0.23094830442266,6,1
ENSG00000164342,ENSG00000164342_L1,4,186081411,186081412,0.995463769135938,1,1
ENSG00000109794,ENSG00000109794_L1,4,186119275,186119276,0.263643985745201,5,1
ENSG00000145476,ENSG00000145476_L2,4,186164996,186164997,0.53046847268262,4,1
ENSG00000164344,ENSG00000164344_L1,4,186257459,186257460,0.779176688491287,2,1
ENSG00000088926,ENSG00000088926_L1,4,186270649,186270650,0.393566900199549,7,1
ENSG00000163138,ENSG00000163138_L1,4,20721204,20721205,0.259505843556567,8,1
ENSG00000063978,ENSG00000063978_L1,4,2504524,2504525,0.797674297402681,4,1
ENSG00000153012,ENSG00000153012_L1,4,25064297,25064298,0.124117045975152,9,1
ENSG00000281501,ENSG00000281501_L1,4,25165940,25165941,0.199100371026754,7,1
ENSG00000250317,ENSG00000250317_L1,4,25915610,25915611,0.386920630647197,3,1
ENSG00000240005,ENSG00000240005_L1,4,26858791,26858792,0.486091089959539,3,1
ENSG00000251129,ENSG00000251129_L1,4,32003817,32003818,0.31428156202688,4,1
ENSG00000163956,ENSG00000163956_L1,4,3516598,3516599,0.139821408068982,9,1
ENSG00000109814,ENSG00000109814_L1,4,39499217,39499218,0.516377795880243,2,1
ENSG00000249348,ENSG00000249348_L1,4,39536895,39536896,0.57192469071176,6,1
ENSG00000064042,ENSG00000064042_L1,4,41357573,41357574,0.228778664643416,9,1
ENSG00000188848,ENSG00000188848_L1,4,42271325,42271326,0.500617842595507,5,1
ENSG00000132406,ENSG00000132406_L1,4,4230708,4230709,0.241707864394616,8,1
ENSG00000072201,ENSG00000072201_L3,4,53595776,53595777,0.173653127650905,7,1
ENSG00000273257,ENSG00000273257_L1,4,55350848,55350849,0.920802282225275,2,1
ENSG00000128039,ENSG00000128039_L1,4,55427529,55427530,0.995204088864568,1,1
ENSG00000273257,ENSG00000273257_L1,4,55427529,55427530,0.0643095346295306,2,1
ENSG00000109265,ENSG00000109265_L1,4,56048895,56048896,0.500997288241977,2,1
ENSG00000013288,ENSG00000013288_L1,4,6613890,6613891,0.703398884154762,3,1
ENSG00000251580,ENSG00000251580_L1,4,6674758,6674759,0.634182111346889,2,1
ENSG00000170846,ENSG00000170846_L1,4,6676507,6676508,0.602398126175659,3,1
ENSG00000185619,ENSG00000185619_L1,4,749731,749732,0.289172096565961,6,1
ENSG00000260265,ENSG00000260265_L1,4,75116027,75116028,0.499811642800921,2,1
ENSG00000138744,ENSG00000138744_L1,4,75949076,75949077,0.943021058258799,2,1
ENSG00000138771,ENSG00000138771_L1,4,76672576,76672577,0.239470429238955,7,1
ENSG00000169288,ENSG00000169288_L2,4,77629182,77629183,0.998863727871477,1,1
ENSG00000138759,ENSG00000138759_L1,4,78062189,78062190,0.205218189113599,8,1
ENSG00000250546,ENSG00000250546_L1,4,84299121,84299122,1.0,1,1
ENSG00000150756,ENSG00000150756_L1,5,10248887,10248888,0.48392888868673,5,1
ENSG00000113504,ENSG00000113504_L1,5,1097331,1097332,0.306027308225891,5,1
ENSG00000047188,ENSG00000047188_L1,5,113563553,113563554,0.459497711055264,5,1
ENSG00000248927,ENSG00000248927_L2,5,120665143,120665144,0.449216424814838,4,1
ENSG00000245937,ENSG00000245937_L1,5,128053152,128053153,0.215136160558565,7,1
ENSG00000250994,ENSG00000250994_L1,5,134427425,134427426,0.181874900153269,6,1
ENSG00000158402,ENSG00000158402_L1,5,138298163,138298164,0.508197262607518,7,1
ENSG00000112981,ENSG00000112981_L1,5,138382213,138382214,0.583248614469769,9,1
ENSG00000250120,ENSG00000250120_L1,5,140903346,140903347,0.264656567125122,6,1
ENSG00000271871,ENSG00000271871_L1,5,141955676,141955677,0.464353966802706,3,1
ENSG00000156475,ENSG00000156475_L1,5,146840181,146840182,0.441582406721508,4,1
ENSG00000145882,ENSG00000145882_L1,5,149346583,149346584,0.934059847241357,2,1
ENSG00000155850,ENSG00000155850_L1,5,149974035,149974036,0.364721439827423,5,1
ENSG00000164296,ENSG00000164296_L1,5,150008054,150008055,0.977529479697144,1,1
ENSG00000123643,ENSG00000123643_L3,5,150930268,150930269,0.973895089003515,1,1
ENSG00000198624,ENSG00000198624_L1,5,151224546,151224547,0.920156855253431,3,1
ENSG00000123643,ENSG00000123643_L1,5,151418773,151418774,0.670193466276211,2,1
ENSG00000271795,ENSG00000271795_L1,5,151418773,151418774,0.571774689264998,4,1
ENSG00000164576,ENSG00000164576_L1,5,154460912,154460913,0.917294471794499,4,1
ENSG00000051596,ENSG00000051596_L1,5,175916749,175916750,0.267913633483411,5,1
ENSG00000175766,ENSG00000175766_L1,5,176642102,176642103,0.512538764488716,3,1
ENSG00000160867,ENSG00000160867_L1,5,177093242,177093243,0.451649739018358,4,1
ENSG00000131188,ENSG00000131188_L1,5,177487809,177487810,0.988981667991504,1,1
ENSG00000131459,ENSG00000131459_L1,5,180313462,180313463,0.666185876454002,4,1
ENSG00000050748,ENSG00000050748_L1,5,180314374,180314375,0.945268480715929,2,1
ENSG00000131459,ENSG00000131459_L1,5,180314374,180314375,0.126127975523744,4,1
ENSG00000248874,ENSG00000248874_L2,5,23738790,23738791,0.919579758894751,2,1
ENSG00000248605,ENSG00000248605_L1,5,25424344,25424345,0.144278652814605,7,1
ENSG00000082213,ENSG00000082213_L1,5,31581355,31581356,0.370011426628678,3,1
ENSG00000249572,ENSG00000249572_L1,5,33454223,33454224,0.558726522372393,2,1
ENSG00000242110,ENSG00000242110_L1,5,34012387,34012388,0.287286027882339,5,1
ENSG00000113494,ENSG00000113494_L1,5,35260798,35260799,0.485974214553586,7,1
ENSG00000145604,ENSG00000145604_L2,5,36157160,36157161,0.247739790278894,6,1
ENSG00000112992,ENSG00000112992_L2,5,43277887,43277888,0.97458506683676,1,1
ENSG00000225138,ENSG00000225138_L2,5,465960,465961,0.333771728755238,4,1
ENSG00000250529,ENSG00000250529_L1,5,5078200,5078201,0.851037364195585,2,1
ENSG00000164171,ENSG00000164171_L1,5,52968843,52968844,0.272488618240983,9,1
ENSG00000247796,ENSG00000247796_L1,5,53103329,53103330,0.16594861198632,7,1
ENSG00000164258,ENSG00000164258_L1,5,53560674,53560675,0.947429012058773,2,1
ENSG00000155542,ENSG00000155542_L1,5,56917583,56917584,0.125529804769686,9,1
ENSG00000215218,ENSG00000215218_L1,5,6302317,6302318,0.783760709115689,7,1
ENSG00000112877,ENSG00000112877_L1,5,642304,642305,0.417994613418495,7,1
ENSG00000153006,ENSG00000153006_L1,5,64768584,64768585,0.999998920677184,1,1
ENSG00000145675,ENSG00000145675_L1,5,68219774,68219775,0.46763106143242,5,1
ENSG00000197822,ENSG00000197822_L1,5,69459786,69459787,0.19913588826298,9,1
ENSG00000145736,ENSG00000145736_L1,5,71080457,71080458,0.752545000322144,2,1
ENSG00000269983,ENSG00000269983_L1,5,71272794,71272795,0.418944792017167,7,1
ENSG00000285804,ENSG00000285804_L1,5,72107446,72107447,0.427068907419106,3,1
ENSG00000131711,ENSG00000131711_L1,5,72200592,72200593,0.599906275047739,7,1
ENSG00000285689,ENSG00000285689_L1,5,7262306,7262307,0.929036772898091,2,1
ENSG00000189045,ENSG00000189045_L2,5,75518044,75518045,0.480711244259459,3,1
ENSG00000164220,ENSG00000164220_L1,5,76623924,76623925,0.349489303406378,7,1
ENSG00000124275,ENSG00000124275_L1,5,7870860,7870861,0.99798064132945,1,1
ENSG00000113273,ENSG00000113273_L1,5,78884913,78884914,0.648207488765097,4,1
ENSG00000145692,ENSG00000145692_L1,5,79130827,79130828,0.32570614067793,4,1
ENSG00000113318,ENSG00000113318_L1,5,80601555,80601556,0.998783182935464,1,1
ENSG00000164307,ENSG00000164307_L2,5,96776379,96776380,0.87862914585602,2,1
ENSG00000111846,ENSG00000111846_L1,6,10555056,10555057,0.35402225496404,8,1
ENSG00000153157,ENSG00000153157_L2,6,10887699,10887700,0.998005421389217,1,1
ENSG00000173214,ENSG00000173214_L1,6,111255468,111255469,0.33706463365014,3,1
ENSG00000230177,ENSG00000230177_L1,6,111255468,111255469,0.262228556579434,3,1
ENSG00000271789,ENSG00000271789_L1,6,111255468,111255469,0.299121043832435,3,1
ENSG00000173214,ENSG00000173214_L1,6,111261682,111261683,0.332567514875431,3,2
ENSG00000230177,ENSG00000230177_L1,6,111261682,111261683,0.372177607809055,3,2
ENSG00000271789,ENSG00000271789_L1,6,111261682,111261683,0.341189313201467,3,2
ENSG00000255389,ENSG00000255389_L1,6,111608659,111608660,0.507992028781173,2,1
ENSG00000056972,ENSG00000056972_L1,6,111616953,111616954,0.347719144485472,4,1
ENSG00000172594,ENSG00000172594_L1,6,122801689,122801690,0.352823153229944,5,1
ENSG00000186439,ENSG00000186439_L1,6,123585726,123585727,0.944657244157799,2,1
ENSG00000145979,ENSG00000145979_L1,6,13295283,13295284,0.314052068424387,5,1
ENSG00000272379,ENSG00000272379_L1,6,13295283,13295284,0.0295115773992016,41,1
ENSG00000135541,ENSG00000135541_L1,6,135497759,135497760,0.99999947883928,1,1
ENSG00000135540,ENSG00000135540_L1,6,138499588,138499589,0.332633499408566,4,1
ENSG00000226673,ENSG00000226673_L1,6,14298824,14298825,0.300949412276299,8,1
ENSG00000155906,ENSG00000155906_L1,6,151452185,151452186,0.235972871300267,8,1
ENSG00000029639,ENSG00000029639_L1,6,155314147,155314148,0.79994828853818,4,1
ENSG00000175048,ENSG00000175048_L1,6,157610183,157610184,0.24706352186037,9,1
ENSG00000125337,ENSG00000125337_L1,6,167999280,167999281,0.36261270172928,4,1
ENSG00000229921,ENSG00000229921_L3,6,168001757,168001758,0.998291971673524,1,2
ENSG00000235994,ENSG00000235994_L1,6,168001757,168001758,0.994307433003944,1,2
ENSG00000112294,ENSG00000112294_L1,6,24498015,24498016,0.316454550304454,4,1
ENSG00000112304,ENSG00000112304_L2,6,24682891,24682892,0.329875143838125,3,1
ENSG00000111913,ENSG00000111913_L1,6,24962635,24962636,0.614320042735005,4,1
ENSG00000021355,ENSG00000021355_L1,6,2841905,2841906,0.999396781203971,1,1
ENSG00000187987,ENSG00000187987_L1,6,28452126,28452127,0.993805249463662,1,1
ENSG00000230438,ENSG00000230438_L1,6,2876301,2876302,0.999999999999998,1,1
ENSG00000204632,ENSG00000204632_L1,6,29814856,29814857,0.713270639342343,2,1
ENSG00000244041,ENSG00000244041_L1,6,2982378,2982379,0.708953981923518,3,1
ENSG00000206503,ENSG00000206503_L2,6,29864918,29864919,0.951402509129026,1,1
ENSG00000224846,ENSG00000224846_L1,6,2999320,2999321,0.546412303693799,2,1
ENSG00000124588,ENSG00000124588_L1,6,3003736,3003737,1.0,1,1
ENSG00000272277,ENSG00000272277_L1,6,3049748,3049749,0.797585933086919,8,1
ENSG00000137411,ENSG00000137411_L1,6,30923094,30923095,0.190818377960398,6,1
ENSG00000204536,ENSG00000204536_L1,6,31145122,31145123,0.32363768834367,3,1
ENSG00000204525,ENSG00000204525_L2,6,31271528,31271529,0.485102612511076,2,1
ENSG00000234745,ENSG00000234745_L2,6,31361109,31361110,0.999993015358394,1,1
ENSG00000213760,ENSG00000213760_L1,6,31545625,31545626,0.999552254868395,1,1
ENSG00000204498,ENSG00000204498_L1,6,31591384,31591385,0.321492968369651,6,1
ENSG00000204348,ENSG00000204348_L1,6,31970343,31970344,0.477397672905507,3,1
ENSG00000179344,ENSG00000179344_L3,6,32142202,32142203,0.0055840646310869,33,1
ENSG00000204305,ENSG00000204305_L1,6,32142202,32142203,0.866263644057537,9,1
ENSG00000204308,ENSG00000204308_L2,6,32178880,32178881,0.740113733198019,4,1
ENSG00000225914,ENSG00000225914_L2,6,32255414,32255415,0.930863895967231,2,1
ENSG00000196126,ENSG00000196126_L1,6,32603533,32603534,0.976433148875874,1,1
ENSG00000198502,ENSG00000198502_L1,6,32609505,32609506,0.999982281170381,1,1
ENSG00000204287,ENSG00000204287_L1,6,32636555,32636556,0.626995594087514,2,1
ENSG00000179344,ENSG00000179344_L1,6,32660524,32660525,0.686389615936405,3,1
ENSG00000241106,ENSG00000241106_L1,6,32829016,32829017,0.511595430335468,2,1
ENSG00000231389,ENSG00000231389_L2,6,33077495,33077496,0.999985291114691,1,1
ENSG00000223865,ENSG00000223865_L2,6,33080825,33080826,0.999999999987272,1,1
ENSG00000230313,ENSG00000230313_L1,6,33147829,33147830,0.999187391306645,1,1
ENSG00000231500,ENSG00000231500_L1,6,33340603,33340604,0.695329140025995,4,1
ENSG00000137288,ENSG00000137288_L1,6,33709779,33709780,0.405279056925301,4,1
ENSG00000065029,ENSG00000065029_L1,6,35279126,35279127,0.342127015089007,6,1
ENSG00000112041,ENSG00000112041_L1,6,35512099,35512100,0.961833259578336,1,1
ENSG00000228559,ENSG00000228559_L1,6,35549288,35549289,0.939225976623025,2,1
ENSG00000168994,ENSG00000168994_L1,6,3763891,3763892,0.379328436845549,4,1
ENSG00000124780,ENSG00000124780_L1,6,39316000,39316001,0.985385780529455,1,1
ENSG00000230648,ENSG00000230648_L1,6,4020778,4020779,0.957135643174749,1,1
ENSG00000112619,ENSG00000112619_L1,6,42706893,42706894,0.552932317776026,2,1
ENSG00000124713,ENSG00000124713_L1,6,42953749,42953750,0.499425242480096,2,1
ENSG00000124587,ENSG00000124587_L2,6,42983062,42983063,0.351224002456932,5,1
ENSG00000137225,ENSG00000137225_L1,6,44169162,44169163,0.999999999638857,1,1
ENSG00000146233,ENSG00000146233_L1,6,46656283,46656284,0.160791630076797,8,1
ENSG00000198087,ENSG00000198087_L1,6,47442092,47442093,0.803863848300426,2,1
ENSG00000031691,ENSG00000031691_L1,6,49490122,49490123,0.349800016842728,4,1
ENSG00000214113,ENSG00000214113_L2,6,5185806,5185807,0.438975429996658,3,1
ENSG00000145982,ENSG00000145982_L1,6,5261233,5261234,0.996993531785028,1,1
ENSG00000124749,ENSG00000124749_L1,6,56247545,56247546,0.203934247020233,5,1
ENSG00000285771,ENSG00000285771_L1,6,7261752,7261753,0.997686419511458,1,1
ENSG00000135297,ENSG00000135297_L1,6,73486258,73486259,0.99004166417761,1,1
ENSG00000261189,ENSG00000261189_L1,6,7542890,7542891,0.909860438577611,4,1
ENSG00000226453,ENSG00000226453_L1,6,81859429,81859430,0.45353756271719,4,1
ENSG00000203875,ENSG00000203875_L1,6,85678170,85678171,1.0,1,1
ENSG00000146267,ENSG00000146267_L1,6,99346647,99346648,0.283361394465106,9,1
ENSG00000228506,ENSG00000228506_L1,6,99429343,99429344,0.132253661292455,9,1
ENSG00000161036,ENSG00000161036_L1,7,102465537,102465538,0.502516533284025,6,1
ENSG00000091127,ENSG00000091127_L1,7,105508146,105508147,0.999983644055301,1,1
ENSG00000135249,ENSG00000135249_L2,7,105614857,105614858,0.958078294823054,1,1
ENSG00000091129,ENSG00000091129_L1,7,108181754,108181755,0.445503151114253,4,1
ENSG00000146540,ENSG00000146540_L2,7,1138191,1138192,0.999999786144301,1,1
ENSG00000225535,ENSG00000225535_L1,7,115104409,115104410,0.672959827171291,4,1
ENSG00000135269,ENSG00000135269_L1,7,116208939,116208940,0.172695663032514,7,1
ENSG00000146530,ENSG00000146530_L1,7,12366560,12366561,0.772246022458476,2,1
ENSG00000165055,ENSG00000165055_L1,7,128501969,128501970,0.999999999561638,1,1
ENSG00000135253,ENSG00000135253_L1,7,128913776,128913777,0.540784434515929,2,1
ENSG00000128604,ENSG00000128604_L1,7,128937860,128937861,0.443469001543776,6,1
ENSG00000240204,ENSG00000240204_L1,7,129504556,129504557,0.401195132140244,4,1
ENSG00000273219,ENSG00000273219_L1,7,135608380,135608381,0.226887218595155,7,1
ENSG00000243317,ENSG00000243317_L1,7,135672728,135672729,0.959132139698886,1,1
ENSG00000273219,ENSG00000273219_L1,7,135672728,135672729,0.0729628480594754,7,1
ENSG00000188883,ENSG00000188883_L1,7,139478872,139478873,0.86520625976216,4,1
ENSG00000059378,ENSG00000059378_L1,7,140015542,140015543,0.938124165828944,3,1
ENSG00000090263,ENSG00000090263_L1,7,141010508,141010509,0.760539090976915,2,1
ENSG00000228775,ENSG00000228775_L1,7,141769762,141769763,0.441130233280928,5,1
ENSG00000211751,ENSG00000211751_L1,7,142809843,142809844,1.0,1,1
ENSG00000229153,ENSG00000229153_L1,7,143406388,143406389,0.200681163664516,7,1
ENSG00000213214,ENSG00000213214_L1,7,144177389,144177390,0.335618604367567,4,1
ENSG00000225932,ENSG00000225932_L1,7,144223897,144223898,0.195135765642592,2,2
ENSG00000243896,ENSG00000243896_L1,7,144223897,144223898,0.33615991747277,10,2
ENSG00000244198,ENSG00000244198_L2,7,144223897,144223898,0.997369053710651,1,2
ENSG00000271079,ENSG00000271079_L1,7,144223897,144223898,0.997381260412144,1,2
ENSG00000284644,ENSG00000284644_L1,7,144264865,144264866,0.216240324283329,8,1
ENSG00000225932,ENSG00000225932_L1,7,144371387,144371388,0.791778063790795,2,1
ENSG00000243896,ENSG00000243896_L1,7,144371387,144371388,0.296819079826776,10,1
ENSG00000244479,ENSG00000244479_L1,7,144462265,144462266,0.755330517161141,6,1
ENSG00000187260,ENSG00000187260_L1,7,151410720,151410721,0.706255161383513,3,1
ENSG00000243836,ENSG00000243836_L1,7,151410720,151410721,0.0671760078585207,15,1
ENSG00000136267,ENSG00000136267_L1,7,15196752,15196753,0.551009224521711,9,1
ENSG00000214106,ENSG00000214106_L1,7,154928549,154928550,0.995628383370659,1,1
ENSG00000273117,ENSG00000273117_L1,7,155296798,155296799,0.378383031348607,8,1
ENSG00000182648,ENSG00000182648_L1,7,156656762,156656763,0.19793931121212,9,1
ENSG00000106511,ENSG00000106511_L1,7,15688365,15688366,0.189994474178695,7,1
ENSG00000229108,ENSG00000229108_L1,7,15688365,15688366,0.316901818193497,4,1
ENSG00000106511,ENSG00000106511_L1,7,15692158,15692159,0.291021233188347,7,1
ENSG00000229108,ENSG00000229108_L1,7,15692158,15692159,0.209541339842754,4,1
ENSG00000228598,ENSG00000228598_L2,7,20120923,20120924,0.142507985571485,32,1
ENSG00000267055,ENSG00000267055_L1,7,20120923,20120924,0.256223110766517,4,1
ENSG00000243004,ENSG00000243004_L1,7,20124841,20124842,0.499899145754796,2,1
ENSG00000271133,ENSG00000271133_L1,7,20357184,20357185,0.294512236327785,7,1
ENSG00000106263,ENSG00000106263_L1,7,2365675,2365676,0.994010487932165,1,1
ENSG00000188732,ENSG00000188732_L1,7,23678908,23678909,0.054440080058741,9,1
ENSG00000234286,ENSG00000234286_L1,7,23678908,23678909,0.168501480646003,9,1
ENSG00000188732,ENSG00000188732_L1,7,23681366,23681367,0.149387426437187,9,1
ENSG00000234286,ENSG00000234286_L1,7,23681366,23681367,0.109801081838043,9,1
ENSG00000214870,ENSG00000214870_L1,7,26401088,26401089,0.15138097811172,8,1
ENSG00000106049,ENSG00000106049_L1,7,27675863,27675864,0.90233969484923,3,1
ENSG00000106066,ENSG00000106066_L1,7,29114616,29114617,0.475676379804178,4,1
ENSG00000211699,ENSG00000211699_L1,7,38359180,38359181,0.658086494947445,5,1
ENSG00000211697,ENSG00000211697_L1,7,38359810,38359811,0.375797186668775,6,1
ENSG00000136279,ENSG00000136279_L1,7,44055336,44055337,0.718782437778137,3,1
ENSG00000106628,ENSG00000106628_L1,7,44112387,44112388,0.275040215031724,5,1
ENSG00000132436,ENSG00000132436_L1,7,50447929,50447930,0.29113211898914,9,1
ENSG00000178665,ENSG00000178665_L1,7,56048795,56048796,0.763522340496712,3,1
ENSG00000122674,ENSG00000122674_L2,7,5887685,5887686,0.99993488399948,1,2
ENSG00000146574,ENSG00000146574_L2,7,5887685,5887686,0.99999986478074,1,2
ENSG00000086232,ENSG00000086232_L2,7,6031225,6031226,0.380030839820694,6,1
ENSG00000136247,ENSG00000136247_L1,7,6577616,6577617,0.999747205452713,1,1
ENSG00000232325,ENSG00000232325_L1,7,70011,70012,0.229055731400791,6,1
ENSG00000277149,ENSG00000277149_L1,7,72786105,72786106,0.988618040434753,1,1
ENSG00000165171,ENSG00000165171_L2,7,73740250,73740251,0.573728808116648,9,1
ENSG00000174428,ENSG00000174428_L1,7,75102019,75102020,0.549913780878933,8,1
ENSG00000106399,ENSG00000106399_L1,7,7634455,7634456,0.18458840933894,6,1
ENSG00000146700,ENSG00000146700_L1,7,76405968,76405969,0.16957360879187,7,1
ENSG00000188372,ENSG00000188372_L1,7,76611497,76611498,0.403476934964718,4,1
ENSG00000224046,ENSG00000224046_L1,7,87165281,87165282,0.877698696151498,3,1
ENSG00000005421,ENSG00000005421_L1,7,95325551,95325552,0.583490976929277,2,1
ENSG00000284707,ENSG00000284707_L2,7,97966289,97966290,0.195748770061719,7,1
ENSG00000178381,ENSG00000178381_L2,7,987933,987934,0.28855725632056,8,1
ENSG00000048392,ENSG00000048392_L1,8,101741167,101741168,0.991960538836438,1,1
ENSG00000164930,ENSG00000164930_L1,8,103333705,103333706,0.512879921313148,6,1
ENSG00000255310,ENSG00000255310_L1,8,11116733,11116734,0.915759946968774,3,1
ENSG00000269918,ENSG00000269918_L1,8,11116733,11116734,0.231663054518505,13,1
ENSG00000164758,ENSG00000164758_L1,8,117520714,117520715,0.620906090112816,6,1
ENSG00000145002,ENSG00000145002_L1,8,12021348,12021349,0.331904318244425,7,1
ENSG00000186523,ENSG00000186523_L1,8,12021348,12021349,0.260895451895653,10,1
ENSG00000172167,ENSG00000172167_L1,8,120534861,120534862,0.923221350835641,7,1
ENSG00000246228,ENSG00000246228_L1,8,127309253,127309254,0.733242631354849,3,1
ENSG00000184156,ENSG00000184156_L1,8,132482307,132482308,0.406185341427537,3,1
ENSG00000123908,ENSG00000123908_L1,8,140529600,140529601,0.136099860306724,8,1
ENSG00000280303,ENSG00000280303_L1,8,140644704,140644705,0.375483640187666,5,1
ENSG00000253210,ENSG00000253210_L1,8,141127535,141127536,0.176684112681214,8,1
ENSG00000105339,ENSG00000105339_L1,8,141190368,141190369,0.301649921986199,9,1
ENSG00000104518,ENSG00000104518_L1,8,143560999,143561000,0.739918451586405,3,1
ENSG00000147813,ENSG00000147813_L1,8,143594692,143594693,0.698796951802751,6,2
ENSG00000255050,ENSG00000255050_L1,8,143594692,143594693,0.170726963071331,7,2
ENSG00000181097,ENSG00000181097_L1,8,143687919,143687920,0.180808832828657,7,1
ENSG00000261150,ENSG00000261150_L2,8,143853007,143853008,0.573163499128612,2,1
ENSG00000179698,ENSG00000179698_L1,8,144109615,144109616,0.997677928756282,1,1
ENSG00000185000,ENSG00000185000_L1,8,144290137,144290138,0.351319804186814,5,1
ENSG00000160948,ENSG00000160948_L1,8,144428520,144428521,0.997061574313354,1,1
ENSG00000104213,ENSG00000104213_L1,8,17592201,17592202,0.819846872234231,5,1
ENSG00000182372,ENSG00000182372_L1,8,1768109,1768110,0.276809152928996,4,1
ENSG00000104611,ENSG00000104611_L1,8,19314296,19314297,0.514081102696398,2,1
ENSG00000120907,ENSG00000120907_L1,8,26867455,26867456,0.240880419487974,7,1
ENSG00000120915,ENSG00000120915_L2,8,27544615,27544616,0.834013221221268,3,1
ENSG00000147471,ENSG00000147471_L1,8,37778131,37778132,0.999999999954984,1,1
ENSG00000131203,ENSG00000131203_L1,8,39949762,39949763,0.767180547958124,2,1
ENSG00000029534,ENSG00000029534_L1,8,41754737,41754738,0.225952689676546,5,1
ENSG00000104738,ENSG00000104738_L1,8,47972876,47972877,0.998788631355385,1,1
ENSG00000271743,ENSG00000271743_L1,8,6616237,6616238,0.458878238317975,4,1
ENSG00000254207,ENSG00000254207_L1,8,723561,723562,0.172132042981629,7,1
ENSG00000137558,ENSG00000137558_L1,8,74599634,74599635,0.883412582573167,3,1
ENSG00000272138,ENSG00000272138_L1,8,79790048,79790049,0.673352255038815,3,1
ENSG00000133731,ENSG00000133731_L1,8,81652967,81652968,0.235016341819632,5,1
ENSG00000164695,ENSG00000164695_L1,8,81758536,81758537,0.407383180927716,6,1
ENSG00000253893,ENSG00000253893_L1,8,8237348,8237349,0.403096598219428,7,1
ENSG00000104325,ENSG00000104325_L1,8,89192201,89192202,0.494563280216578,4,1
ENSG00000214954,ENSG00000214954_L2,8,91219334,91219335,0.389015767470375,3,1
ENSG00000156172,ENSG00000156172_L1,8,95273062,95273063,0.990951295586591,1,1
ENSG00000132561,ENSG00000132561_L1,8,98011303,98011304,0.971135516256518,1,1
ENSG00000148123,ENSG00000148123_L1,9,101108334,101108335,0.246647281231328,9,1
ENSG00000226334,ENSG00000226334_L1,9,104928254,104928255,0.999731712904293,1,1
ENSG00000095203,ENSG00000095203_L1,9,109338609,109338610,0.429615892013274,6,1
ENSG00000136810,ENSG00000136810_L1,9,110261582,110261583,0.368831792716363,7,1
ENSG00000106853,ENSG00000106853_L1,9,111603814,111603815,0.7481479098098,2,1
ENSG00000119471,ENSG00000119471_L1,9,112382609,112382610,0.178408043421552,8,1
ENSG00000119431,ENSG00000119431_L1,9,113379119,113379120,0.506037303517833,2,1
ENSG00000106927,ENSG00000106927_L1,9,114078521,114078522,0.903211680515065,2,1
ENSG00000229314,ENSG00000229314_L1,9,114327726,114327727,0.403659612773645,7,1
ENSG00000095397,ENSG00000095397_L2,9,114505496,114505497,0.998633253231006,1,1
ENSG00000056558,ENSG00000056558_L2,9,120463648,120463649,0.956023015174395,1,1
ENSG00000136856,ENSG00000136856_L1,9,127404578,127404579,0.159808297307406,7,1
ENSG00000197958,ENSG00000197958_L1,9,127404578,127404579,0.0364088295491953,59,1
ENSG00000119383,ENSG00000119383_L1,9,129143575,129143576,0.28427323800183,6,1
ENSG00000268707,ENSG00000268707_L1,9,129143575,129143576,0.458897338448158,2,1
ENSG00000119383,ENSG00000119383_L1,9,129147457,129147458,0.225585308453733,6,1
ENSG00000268707,ENSG00000268707_L1,9,129147457,129147458,0.538410314819985,2,1
ENSG00000148357,ENSG00000148357_L1,9,130268363,130268364,0.639933396831415,2,1
ENSG00000050555,ENSG00000050555_L1,9,131050535,131050536,0.230792770412816,7,1
ENSG00000148290,ENSG00000148290_L2,9,133428156,133428157,0.427824509914486,3,1
ENSG00000165661,ENSG00000165661_L1,9,136218808,136218809,0.738851849677189,7,1
ENSG00000165716,ENSG00000165716_L1,9,136727374,136727375,0.310314982139442,8,1
ENSG00000268996,ENSG00000268996_L1,9,137085965,137085966,0.34544151290341,5,1
ENSG00000172785,ENSG00000172785_L1,9,174812,174813,0.189557109632653,9,1
ENSG00000188921,ENSG00000188921_L1,9,21031480,21031481,0.867258960798005,2,1
ENSG00000236404,ENSG00000236404_L1,9,2536241,2536242,0.707079252357727,3,1
ENSG00000253400,ENSG00000253400_L1,9,26735101,26735102,0.562387733369396,2,2
ENSG00000254261,ENSG00000254261_L1,9,26735101,26735102,0.530122746776937,2,2
ENSG00000107099,ENSG00000107099_L2,9,325993,325994,0.252274741801874,6,1
ENSG00000165271,ENSG00000165271_L1,9,33467579,33467580,0.978026547993,1,1
ENSG00000230074,ENSG00000230074_L1,9,34677541,34677542,0.367140827014646,3,1
ENSG00000137101,ENSG00000137101_L1,9,35610318,35610319,0.984755291844098,1,1
ENSG00000273061,ENSG00000273061_L1,9,4678805,4678806,0.294250514530757,5,1
ENSG00000096968,ENSG00000096968_L1,9,4981602,4981603,0.51759224895744,4,1
ENSG00000236924,ENSG00000236924_L1,9,6682871,6682872,0.981475904783574,1,1
ENSG00000119121,ENSG00000119121_L1,9,74885405,74885406,0.317795819568998,7,1
ENSG00000106733,ENSG00000106733_L1,9,75096594,75096595,0.301740561845717,9,1
ENSG00000165115,ENSG00000165115_L1,9,83891964,83891965,0.993192691547249,1,1
ENSG00000135052,ENSG00000135052_L1,9,86081062,86081063,0.516268822254072,2,1
ENSG00000225706,ENSG00000225706_L1,9,8858303,8858304,0.95878198131829,1,1
ENSG00000187742,ENSG00000187742_L1,9,89316903,89316904,0.453356845688597,4,1
ENSG00000165138,ENSG00000165138_L1,9,98728784,98728785,0.33968617752412,4,1
ENSG00000119514,ENSG00000119514_L1,9,98808054,98808055,0.442346800709467,4,1
ENSG00000106799,ENSG00000106799_L1,9,99166420,99166421,0.138954054368694,9,1
ENSG00000095539,ENSG00000095539_L1,10,100971116,100971117,0.340803857538555,7,1
ENSG00000120029,ENSG00000120029_L1,10,102004963,102004964,0.325702683541011,5,1
ENSG00000138111,ENSG00000138111_L1,10,102462620,102462621,0.671421723933393,3,1
ENSG00000156398,ENSG00000156398_L1,10,102727625,102727626,0.999951088587791,1,1
ENSG00000166275,ENSG00000166275_L1,10,102852578,102852579,0.0431712346406846,28,1
ENSG00000214435,ENSG00000214435_L1,10,102852578,102852579,0.247234699570329,8,1
ENSG00000165863,ENSG00000165863_L2,10,116670376,116670377,0.60758423571292,7,1
ENSG00000165650,ENSG00000165650_L1,10,117343960,117343961,0.695862725087176,4,1
ENSG00000148426,ENSG00000148426_L1,10,11823305,11823306,0.996873796080057,1,1
ENSG00000107672,ENSG00000107672_L1,10,122002928,122002929,0.303170298436279,6,1
ENSG00000151465,ENSG00000151465_L1,10,12250287,12250288,0.862332755812284,4,1
ENSG00000121898,ENSG00000121898_L1,10,123892384,123892385,0.276295590418116,8,1
ENSG00000107902,ENSG00000107902_L1,10,124497297,124497298,0.274886268724698,4,1
ENSG00000170430,ENSG00000170430_L1,10,129646763,129646764,0.829822776910266,4,1
ENSG00000151640,ENSG00000151640_L1,10,132194597,132194598,0.630253669995723,3,1
ENSG00000165623,ENSG00000165623_L2,10,13234715,13234716,0.346141458057975,7,1
ENSG00000107537,ENSG00000107537_L1,10,13298718,13298719,0.227867306258172,5,1
ENSG00000148832,ENSG00000148832_L1,10,133392850,133392851,0.999502145863624,1,1
ENSG00000165626,ENSG00000165626_L1,10,13352725,13352726,0.999936351230872,1,1
ENSG00000152457,ENSG00000152457_L1,10,14960141,14960142,0.311050661013948,4,1
ENSG00000176244,ENSG00000176244_L1,10,14960141,14960142,0.180541430974973,5,1
ENSG00000176244,ENSG00000176244_L1,10,14961360,14961361,0.308429443716071,5,1
ENSG00000165983,ENSG00000165983_L2,10,16478335,16478336,0.222727291519903,8,1
ENSG00000165995,ENSG00000165995_L2,10,18094928,18094929,0.500661664735709,2,1
ENSG00000120549,ENSG00000120549_L1,10,24209474,24209475,0.929583487666091,2,1
ENSG00000185875,ENSG00000185875_L1,10,25016714,25016715,0.999999709367575,1,1
ENSG00000254635,ENSG00000254635_L1,10,28501070,28501071,0.50504184267433,2,1
ENSG00000197321,ENSG00000197321_L1,10,29690779,29690780,0.974541136500071,1,1
ENSG00000107968,ENSG00000107968_L1,10,30525931,30525932,0.377459349535396,3,1
ENSG00000107959,ENSG00000107959_L1,10,3151220,3151221,0.519897892759376,2,1
ENSG00000196793,ENSG00000196793_L2,10,43528672,43528673,0.506969368882996,2,1
ENSG00000204172,ENSG00000204172_L1,10,48084455,48084456,0.512139538623988,7,1
ENSG00000225830,ENSG00000225830_L1,10,49562212,49562213,0.32901044740582,5,1
ENSG00000187134,ENSG00000187134_L1,10,4961164,4961165,0.189420543327872,6,1
ENSG00000197444,ENSG00000197444_L1,10,49762383,49762384,0.999999999742045,1,1
ENSG00000285958,ENSG00000285958_L2,10,52960746,52960747,0.934881242495368,2,1
ENSG00000065675,ENSG00000065675_L1,10,6629791,6629792,0.999978159520088,1,1
ENSG00000237943,ENSG00000237943_L1,10,6640060,6640061,0.499619292140758,4,1
ENSG00000238266,ENSG00000238266_L1,10,6800595,6800596,0.51047256640899,2,1
ENSG00000165730,ENSG00000165730_L1,10,68826702,68826703,0.360992884654332,5,1
ENSG00000198246,ENSG00000198246_L1,10,71344299,71344300,0.983885642755724,1,1
ENSG00000198879,ENSG00000198879_L1,10,7421499,7421500,0.234423462324138,6,1
ENSG00000123243,ENSG00000123243_L2,10,7655527,7655528,0.996721271811438,1,1
ENSG00000225484,ENSG00000225484_L1,10,79650033,79650034,0.734261730962354,6,1
ENSG00000230091,ENSG00000230091_L1,10,80030513,80030514,0.999999999999979,1,1
ENSG00000133665,ENSG00000133665_L1,10,80356846,80356847,0.740741300778593,4,1
ENSG00000148600,ENSG00000148600_L1,10,84194464,84194465,0.999999999647473,1,1
ENSG00000229404,ENSG00000229404_L1,10,84299014,84299015,0.695693474870229,4,1
ENSG00000223482,ENSG00000223482_L2,10,87319672,87319673,0.999483951631673,1,1
ENSG00000225913,ENSG00000225913_L1,10,87658973,87658974,0.385523912770728,4,1
ENSG00000107798,ENSG00000107798_L1,10,89243592,89243593,0.989136729774957,1,1
ENSG00000152778,ENSG00000152778_L1,10,89399041,89399042,0.84098394638879,4,1
ENSG00000148690,ENSG00000148690_L1,10,93702522,93702523,0.24977418336542,9,1
ENSG00000171160,ENSG00000171160_L1,10,97633477,97633478,0.9552264115705,1,1
ENSG00000137672,ENSG00000137672_L1,11,101638312,101638313,0.679329515761239,8,1
ENSG00000255337,ENSG00000255337_L1,11,102664144,102664145,0.440382017465083,5,1
ENSG00000148926,ENSG00000148926_L1,11,10352171,10352172,0.689875947534959,2,1
ENSG00000149292,ENSG00000149292_L2,11,113315153,113315154,0.999428665183346,1,1
ENSG00000110244,ENSG00000110244_L1,11,116695990,116695991,0.978894994635226,1,1
ENSG00000256269,ENSG00000256269_L3,11,119061165,119061166,0.914725533228093,2,1
ENSG00000110002,ENSG00000110002_L1,11,124141924,124141925,0.664561556404093,2,1
ENSG00000285825,ENSG00000285825_L1,11,124980560,124980561,0.28073641250487,6,1
ENSG00000149328,ENSG00000149328_L1,11,134372636,134372637,0.856845421850905,4,1
ENSG00000254418,ENSG00000254418_L1,11,14281736,14281737,0.320248684354876,6,1
ENSG00000186104,ENSG00000186104_L1,11,14889164,14889165,0.932232136522723,6,1
ENSG00000006071,ENSG00000006071_L1,11,17476510,17476511,1.0,1,1
ENSG00000110756,ENSG00000110756_L1,11,18279583,18279584,0.34585797557842,3,1
ENSG00000214026,ENSG00000214026_L1,11,1956322,1956323,0.999999994133301,1,1
ENSG00000254934,ENSG00000254934_L1,11,27631673,27631674,0.195186751306429,8,1
ENSG00000142102,ENSG00000142102_L1,11,295343,295344,0.234077733882186,5,1
ENSG00000205531,ENSG00000205531_L1,11,2967616,2967617,0.517717387983457,3,1
ENSG00000185201,ENSG00000185201_L1,11,304949,304950,0.500770323149742,2,1
ENSG00000254910,ENSG00000254910_L1,11,315745,315746,0.245755551794026,5,1
ENSG00000142089,ENSG00000142089_L1,11,320394,320395,0.959659832967857,1,1
ENSG00000236301,ENSG00000236301_L1,11,3213900,3213901,0.607037457561611,5,1
ENSG00000085063,ENSG00000085063_L1,11,33736224,33736225,0.709222537758855,2,1
ENSG00000254480,ENSG00000254480_L1,11,4187676,4187677,0.440415668293972,6,1
ENSG00000149084,ENSG00000149084_L1,11,43856384,43856385,0.359663298110049,3,1
ENSG00000110455,ENSG00000110455_L1,11,44066439,44066440,0.99999994415641,1,1
ENSG00000255165,ENSG00000255165_L1,11,44066439,44066440,0.0322893300347243,3,1
ENSG00000255165,ENSG00000255165_L1,11,44092068,44092069,0.715860923840931,3,1
ENSG00000254427,ENSG00000254427_L1,11,45356462,45356463,0.604799124454184,2,1
ENSG00000110514,ENSG00000110514_L1,11,47384959,47384960,0.781099966141373,2,1
ENSG00000132256,ENSG00000132256_L1,11,5635254,5635255,0.792091559040644,2,1
ENSG00000109991,ENSG00000109991_L1,11,57353856,57353857,0.261492940822795,6,1
ENSG00000134809,ENSG00000134809_L1,11,57516515,57516516,0.999815995027755,1,1
ENSG00000180988,ENSG00000180988_L1,11,5815557,5815558,0.169109678375162,8,1
ENSG00000170955,ENSG00000170955_L2,11,6322015,6322016,0.27742346105511,5,1
ENSG00000204710,ENSG00000204710_L1,11,65151043,65151044,0.249901205237046,7,1
ENSG00000173442,ENSG00000173442_L1,11,65586679,65586680,0.402898299361464,4,1
ENSG00000174684,ENSG00000174684_L1,11,65782652,65782653,0.691954039504981,2,1
ENSG00000172803,ENSG00000172803_L1,11,65834089,65834090,0.611032102786046,3,1
ENSG00000166333,ENSG00000166333_L1,11,6608300,6608301,0.509238581091785,2,1
ENSG00000166341,ENSG00000166341_L1,11,6657901,6657902,0.999315985586279,1,1
ENSG00000173156,ENSG00000173156_L1,11,67061842,67061843,0.174618975982485,8,1
ENSG00000261625,ENSG00000261625_L1,11,69008249,69008250,0.155532712730237,8,1
ENSG00000149054,ENSG00000149054_L1,11,6926530,6926531,0.808456700432869,2,1
ENSG00000177042,ENSG00000177042_L2,11,695842,695843,0.499325456032693,2,1
ENSG00000131620,ENSG00000131620_L1,11,70073370,70073371,0.99988391013635,1,1
ENSG00000256633,ENSG00000256633_L1,11,72584486,72584487,0.944911882217421,2,1
ENSG00000186642,ENSG00000186642_L1,11,72655347,72655348,0.611635681048955,2,1
ENSG00000175575,ENSG00000175575_L1,11,73900304,73900305,0.25804353607269,6,1
ENSG00000175538,ENSG00000175538_L1,11,74467277,74467278,0.32761819443871,4,1
ENSG00000255326,ENSG00000255326_L1,11,75583395,75583396,0.199579746862232,7,1
ENSG00000261578,ENSG00000261578_L1,11,76782214,76782215,0.40974265544764,8,1
ENSG00000255142,ENSG00000255142_L1,11,784340,784341,0.299046536632243,6,1
ENSG00000255284,ENSG00000255284_L1,11,784340,784341,0.0703391494826408,11,1
ENSG00000175390,ENSG00000175390_L1,11,7988760,7988761,0.543595364620631,3,1
ENSG00000166402,ENSG00000166402_L1,11,8083598,8083599,0.536718565354446,4,1
ENSG00000177600,ENSG00000177600_L1,11,810009,810010,0.999962638437019,1,1
ENSG00000177685,ENSG00000177685_L1,11,827713,827714,0.999515563888721,1,1
ENSG00000246067,ENSG00000246067_L1,11,83081255,83081256,0.560714005892545,6,1
ENSG00000177697,ENSG00000177697_L1,11,834389,834390,0.492549140363262,3,1
ENSG00000166436,ENSG00000166436_L1,11,8687790,8687791,0.188102214051178,8,1
ENSG00000123892,ENSG00000123892_L1,11,88285023,88285024,0.528059620566539,2,1
ENSG00000254860,ENSG00000254860_L1,11,8987127,8987128,0.258255335719002,6,1
ENSG00000077616,ENSG00000077616_L1,11,90053844,90053845,0.995514096536619,1,1
ENSG00000255893,ENSG00000255893_L1,11,94436542,94436543,0.263850353691984,6,1
ENSG00000149231,ENSG00000149231_L1,11,96364768,96364769,0.223723917641479,5,1
ENSG00000136052,ENSG00000136052_L1,12,104751196,104751197,0.324528598038501,5,1
ENSG00000171310,ENSG00000171310_L1,12,104751196,104751197,0.230568648035619,12,1
ENSG00000235162,ENSG00000235162_L1,12,105415909,105415910,0.907779656567252,2,1
ENSG00000111196,ENSG00000111196_L1,12,10612901,10612902,0.994941878506393,1,1
ENSG00000151176,ENSG00000151176_L1,12,113347858,113347859,0.33288219518905,4,1
ENSG00000176834,ENSG00000176834_L1,12,118071386,118071387,0.416080575072794,7,1
ENSG00000111725,ENSG00000111725_L1,12,119671479,119671480,0.995244925949248,1,1
ENSG00000157895,ENSG00000157895_L1,12,121009716,121009717,0.386631059679012,3,1
ENSG00000135124,ENSG00000135124_L1,12,121234508,121234509,0.99875272487521,1,1
ENSG00000158023,ENSG00000158023_L1,12,121923506,121923507,0.175400104378032,6,1
ENSG00000256092,ENSG00000256092_L2,12,123364976,123364977,0.682048569313919,7,1
ENSG00000165714,ENSG00000165714_L1,12,12343025,12343026,0.42732252725852,5,1
ENSG00000178882,ENSG00000178882_L2,12,124144097,124144098,0.210216794871342,7,1
ENSG00000255621,ENSG00000255621_L1,12,13032908,13032909,0.99999998690976,1,1
ENSG00000248703,ENSG00000248703_L1,12,131666325,131666326,0.966444927006735,1,1
ENSG00000256576,ENSG00000256576_L1,12,132193544,132193545,0.308673237327494,6,1
ENSG00000177084,ENSG00000177084_L1,12,132685415,132685416,0.178553325324311,9,1
ENSG00000196458,ENSG00000196458_L1,12,132942252,132942253,0.392904084493921,5,1
ENSG00000182993,ENSG00000182993_L1,12,14803998,14803999,0.278119944046924,9,1
ENSG00000151065,ENSG00000151065_L1,12,2004972,2004973,0.99903319099036,1,1
ENSG00000004700,ENSG00000004700_L1,12,21437069,21437070,0.590479483441311,2,1
ENSG00000134548,ENSG00000134548_L1,12,21527544,21527545,0.999990150686497,1,1
ENSG00000256377,ENSG00000256377_L1,12,27699051,27699052,0.308134337288449,4,1
ENSG00000257176,ENSG00000257176_L1,12,29284928,29284929,0.236812704926052,7,1
ENSG00000064763,ENSG00000064763_L1,12,29288540,29288541,0.495552004964319,2,1
ENSG00000256232,ENSG00000256232_L1,12,31368523,31368524,0.604373352467719,2,1
ENSG00000111224,ENSG00000111224_L1,12,3849547,3849548,0.830922923581593,7,1
ENSG00000274943,ENSG00000274943_L1,12,41914318,41914319,0.3585351200032,4,1
ENSG00000078237,ENSG00000078237_L2,12,4412345,4412346,0.684257189262168,9,1
ENSG00000111254,ENSG00000111254_L1,12,4640429,4640430,0.296316961125779,7,1
ENSG00000167528,ENSG00000167528_L1,12,48348741,48348742,0.288520241465631,5,1
ENSG00000161798,ENSG00000161798_L1,12,49960654,49960655,0.27593211534743,5,1
ENSG00000066084,ENSG00000066084_L1,12,50679740,50679741,0.504376673326061,6,1
ENSG00000255983,ENSG00000255983_L1,12,5112502,5112503,0.348803272897453,4,2
ENSG00000256417,ENSG00000256417_L1,12,5112502,5112503,0.478528368064597,3,2
ENSG00000139629,ENSG00000139629_L1,12,51360845,51360846,0.43926933111854,4,1
ENSG00000123415,ENSG00000123415_L1,12,54182016,54182017,0.999932877769122,1,1
ENSG00000135447,ENSG00000135447_L1,12,54667914,54667915,0.887456889641465,5,1
ENSG00000258311,ENSG00000258311_L1,12,55721994,55721995,0.502760699472649,3,1
ENSG00000197728,ENSG00000197728_L1,12,56007301,56007302,0.681925481802815,2,1
ENSG00000198056,ENSG00000198056_L1,12,56752285,56752286,0.9999890547422,1,1
ENSG00000135502,ENSG00000135502_L1,12,57610491,57610492,0.164020418054069,2,1
ENSG00000240771,ENSG00000240771_L1,12,57610491,57610492,0.86855755552633,2,1
ENSG00000135502,ENSG00000135502_L1,12,57672160,57672161,0.817348252872225,2,1
ENSG00000240771,ENSG00000240771_L1,12,57672160,57672161,0.13114467213902,2,1
ENSG00000111321,ENSG00000111321_L1,12,6384185,6384186,0.730471804594466,7,1
ENSG00000127311,ENSG00000127311_L1,12,66310493,66310494,0.499867342876742,2,1
ENSG00000139200,ENSG00000139200_L1,12,6700730,6700731,0.999968110003767,1,1
ENSG00000110811,ENSG00000110811_L1,12,6837381,6837382,0.771257743719653,5,1
ENSG00000111664,ENSG00000111664_L1,12,6838516,6838517,0.326395927622389,7,1
ENSG00000258053,ENSG00000258053_L1,12,71098842,71098843,0.998714886648974,1,1
ENSG00000139178,ENSG00000139178_L1,12,7111103,7111104,0.173463783086799,5,1
ENSG00000205885,ENSG00000205885_L1,12,7111103,7111104,0.262043315805091,5,1
ENSG00000139178,ENSG00000139178_L2,12,7186755,7186756,0.691861439213027,2,1
ENSG00000072657,ENSG00000072657_L1,12,72215201,72215202,0.242454490210009,7,1
ENSG00000236333,ENSG00000236333_L1,12,72215201,72215202,0.0592275274967962,27,1
ENSG00000165899,ENSG00000165899_L1,12,80235055,80235056,0.245117867063408,8,1
ENSG00000249790,ENSG00000249790_L1,12,8808418,8808419,0.853581726363303,2,1
ENSG00000166535,ENSG00000166535_L1,12,8863966,8863967,0.999999912668789,1,1
ENSG00000002016,ENSG00000002016_L1,12,934668,934669,0.377847049456038,7,1
ENSG00000134864,ENSG00000134864_L1,13,100586468,100586469,0.50138297012853,2,1
ENSG00000125247,ENSG00000125247_L2,13,100638978,100638979,0.220890009666595,6,1
ENSG00000102452,ENSG00000102452_L1,13,101436914,101436915,0.353740611273353,5,1
ENSG00000151287,ENSG00000151287_L1,13,102766216,102766217,0.39426712748352,4,1
ENSG00000230156,ENSG00000230156_L1,13,106568505,106568506,0.328073707320608,6,1
ENSG00000235280,ENSG00000235280_L1,13,112968941,112968942,0.999996672102469,1,1
ENSG00000139835,ENSG00000139835_L1,13,113357151,113357152,0.839584239840737,3,1
ENSG00000186184,ENSG00000186184_L1,13,27625231,27625232,0.255368494317594,5,1
ENSG00000102802,ENSG00000102802_L2,13,30861101,30861102,0.355927454295719,7,2
ENSG00000236094,ENSG00000236094_L2,13,30861101,30861102,0.376742852467794,7,2
ENSG00000139618,ENSG00000139618_L1,13,32311521,32311522,0.316842799927917,9,1
ENSG00000120693,ENSG00000120693_L1,13,36907147,36907148,0.359942859788979,6,1
ENSG00000227258,ENSG00000227258_L1,13,44136425,44136426,0.166874249063686,9,1
ENSG00000136159,ENSG00000136159_L1,13,47930769,47930770,0.463387892078384,3,1
ENSG00000260388,ENSG00000260388_L1,13,47930769,47930770,0.115878637959235,3,1
ENSG00000136159,ENSG00000136159_L1,13,47939530,47939531,0.0741960318998924,3,1
ENSG00000260388,ENSG00000260388_L1,13,47939530,47939531,0.746881639774259,3,1
ENSG00000275202,ENSG00000275202_L1,13,48971027,48971028,0.735992931259919,4,1
ENSG00000136169,ENSG00000136169_L1,13,49470845,49470846,0.422655083634568,8,1
ENSG00000123179,ENSG00000123179_L1,13,49709253,49709254,0.479735045785747,3,1
ENSG00000274652,ENSG00000274652_L1,13,51182303,51182304,0.333677071335119,6,1
ENSG00000226792,ENSG00000226792_L1,13,51204427,51204428,0.56131260443562,3,1
ENSG00000235660,ENSG00000235660_L1,13,52607368,52607369,0.930991736657622,2,1
ENSG00000227354,ENSG00000227354_L2,13,79291556,79291557,0.485861654688744,6,1
ENSG00000088451,ENSG00000088451_L2,13,94629832,94629833,0.996920624519508,1,1
ENSG00000228889,ENSG00000228889_L1,13,99232399,99232400,0.945787101880145,3,1
ENSG00000125246,ENSG00000125246_L1,13,99866380,99866381,1.0,1,1
ENSG00000271780,ENSG00000271780_L1,14,101946349,101946350,0.887409764102811,4,1
ENSG00000092094,ENSG00000092094_L1,14,20454848,20454849,0.390735815156597,7,1
ENSG00000258451,ENSG00000258451_L1,14,20708191,20708192,0.992656875474992,1,1
ENSG00000092203,ENSG00000092203_L1,14,21497528,21497529,0.548311766256745,7,1
ENSG00000277734,ENSG00000277734_L2,14,22550988,22550989,1.0,1,1
ENSG00000100439,ENSG00000100439_L1,14,22605603,22605604,1.0,1,1
ENSG00000155463,ENSG00000155463_L1,14,22741845,22741846,0.959074528661118,1,1
ENSG00000100804,ENSG00000100804_L1,14,23022075,23022076,0.202119805452691,6,1
ENSG00000092068,ENSG00000092068_L1,14,23162599,23162600,0.276052324338004,6,1
ENSG00000215271,ENSG00000215271_L1,14,23280386,23280387,0.394184867677902,3,1
ENSG00000100908,ENSG00000100908_L1,14,24135192,24135193,0.384231721600978,4,1
ENSG00000157379,ENSG00000157379_L1,14,24289435,24289436,0.394136782252194,4,1
ENSG00000100441,ENSG00000100441_L1,14,24429988,24429989,0.389214419155409,3,1
ENSG00000139899,ENSG00000139899_L1,14,24431003,24431004,0.309267692308488,7,1
ENSG00000258655,ENSG00000258655_L1,14,32160275,32160276,0.605143281602401,3,1
ENSG00000100883,ENSG00000100883_L1,14,34983051,34983052,0.415791894528799,4,1
ENSG00000092020,ENSG00000092020_L1,14,35130484,35130485,0.968315915934924,1,1
ENSG00000139874,ENSG00000139874_L1,14,38200840,38200841,0.289678359731514,8,1
ENSG00000092208,ENSG00000092208_L1,14,39114277,39114278,0.465460710807053,8,1
ENSG00000100504,ENSG00000100504_L1,14,50936785,50936786,0.346351120042225,4,1
ENSG00000100505,ENSG00000100505_L2,14,51095476,51095477,0.776543320178381,2,1
ENSG00000087303,ENSG00000087303_L1,14,52142796,52142797,0.151755173251212,9,1
ENSG00000258592,ENSG00000258592_L1,14,57114464,57114465,0.999994654146574,1,1
ENSG00000126790,ENSG00000126790_L1,14,59473099,59473100,0.999608324707643,1,1
ENSG00000100558,ENSG00000100558_L1,14,67412320,67412321,0.552335277584942,2,1
ENSG00000100564,ENSG00000100564_L1,14,67599127,67599128,0.311513830988603,4,1
ENSG00000119655,ENSG00000119655_L1,14,73502664,73502665,0.300943161619214,4,1
ENSG00000119673,ENSG00000119673_L1,14,73542575,73542576,0.217967347389374,8,1
ENSG00000258695,ENSG00000258695_L1,14,73559754,73559755,0.296835837117954,6,1
ENSG00000184227,ENSG00000184227_L2,14,73563814,73563815,0.999996502906633,1,1
ENSG00000140043,ENSG00000140043_L2,14,73852011,73852012,0.665997108034004,2,1
ENSG00000165898,ENSG00000165898_L1,14,75425297,75425298,0.349620732540376,4,1
ENSG00000258819,ENSG00000258819_L1,14,77076151,77076152,0.248510987029431,9,1
ENSG00000269883,ENSG00000269883_L1,14,77142605,77142606,0.257233572817651,5,1
ENSG00000100577,ENSG00000100577_L1,14,77324073,77324074,0.383870125662692,8,1
ENSG00000042088,ENSG00000042088_L1,14,89956320,89956321,0.84313338862244,2,1
ENSG00000011114,ENSG00000011114_L1,14,93332938,93332939,0.30554086342802,8,1
ENSG00000165948,ENSG00000165948_L1,14,94099852,94099853,0.313920164564908,4,1
ENSG00000140471,ENSG00000140471_L1,15,100570480,100570481,0.329189089558733,4,1
ENSG00000206190,ENSG00000206190_L1,15,25790270,25790271,0.602890190852547,3,1
ENSG00000274307,ENSG00000274307_L1,15,25790270,25790271,0.31703561696109,4,1
ENSG00000206190,ENSG00000206190_L1,15,25791058,25791059,0.182591898840612,3,1
ENSG00000274307,ENSG00000274307_L1,15,25791058,25791059,0.526870810637113,4,1
ENSG00000166922,ENSG00000166922_L1,15,32641892,32641893,0.99973923442777,1,1
ENSG00000198826,ENSG00000198826_L1,15,32654844,32654845,0.657116783340566,4,1
ENSG00000273855,ENSG00000273855_L1,15,40277683,40277684,0.293536094167819,7,1
ENSG00000259330,ENSG00000259330_L1,15,40334667,40334668,0.981542110817242,1,1
ENSG00000140323,ENSG00000140323_L2,15,40356819,40356820,0.422404542025563,3,1
ENSG00000128891,ENSG00000128891_L2,15,40470643,40470644,0.886280120443965,2,1
ENSG00000137806,ENSG00000137806_L2,15,40998607,40998608,0.622902912926977,3,1
ENSG00000278493,ENSG00000278493_L1,15,41892515,41892516,0.535545114677031,2,1
ENSG00000103966,ENSG00000103966_L1,15,41972754,41972755,0.993621947007417,1,1
ENSG00000259705,ENSG00000259705_L1,15,48652075,48652076,0.236209506382822,6,1
ENSG00000274528,ENSG00000274528_L1,15,52018225,52018226,0.504228616876739,4,1
ENSG00000128833,ENSG00000128833_L1,15,52236310,52236311,0.62356584019323,2,1
ENSG00000166938,ENSG00000166938_L1,15,66259728,66259729,0.954597947910259,1,1
ENSG00000261801,ENSG00000261801_L1,15,73921531,73921532,0.924071170624532,2,1
ENSG00000169371,ENSG00000169371_L2,15,75609558,75609559,0.927827151893719,2,1
ENSG00000167202,ENSG00000167202_L1,15,78078401,78078402,0.345396073385088,3,1
ENSG00000136371,ENSG00000136371_L2,15,79846853,79846854,0.359267911962162,4,1
ENSG00000180953,ENSG00000180953_L1,15,79914616,79914617,0.534730086315333,3,1
ENSG00000172379,ENSG00000172379_L1,15,80600286,80600287,0.181574722269945,7,1
ENSG00000172345,ENSG00000172345_L1,15,81323836,81323837,0.979421453015831,1,1
ENSG00000259692,ENSG00000259692_L1,15,81796860,81796861,0.975288699871962,1,1
ENSG00000197978,ENSG00000197978_L1,15,82214561,82214562,0.999931037834066,1,1
ENSG00000259407,ENSG00000259407_L1,15,85748224,85748225,0.225773640461081,7,2
ENSG00000259416,ENSG00000259416_L1,15,85748224,85748225,0.242987146442699,7,2
ENSG00000185033,ENSG00000185033_L2,15,90228773,90228774,0.969720080841094,1,1
ENSG00000182768,ENSG00000182768_L1,15,90275168,90275169,0.198273645456593,6,1
ENSG00000182511,ENSG00000182511_L1,15,90882002,90882003,0.267532032910193,8,1
ENSG00000140443,ENSG00000140443_L1,15,98650047,98650048,0.858536055930903,8,1
ENSG00000259363,ENSG00000259363_L1,15,99793708,99793709,0.902059739366485,2,1
ENSG00000153060,ENSG00000153060_L1,16,10733105,10733106,0.497772463118887,2,1
ENSG00000175643,ENSG00000175643_L1,16,11289662,11289663,0.650918176221371,3,1
ENSG00000234719,ENSG00000234719_L1,16,11976565,11976566,0.652251105924728,2,1
ENSG00000095917,ENSG00000095917_L1,16,1228888,1228889,0.97922145087116,1,2
ENSG00000260182,ENSG00000260182_L1,16,1228888,1228889,0.995622626267198,1,2
ENSG00000183426,ENSG00000183426_L1,16,15022299,15022300,0.982963668867273,1,1
ENSG00000183793,ENSG00000183793_L1,16,15036083,15036084,0.995646665353417,1,1
ENSG00000085721,ENSG00000085721_L1,16,15056916,15056917,0.19031033190036,6,1
ENSG00000263335,ENSG00000263335_L1,16,15727006,15727007,0.518071462765199,2,1
ENSG00000103226,ENSG00000103226_L1,16,16202568,16202569,0.943718013437543,2,1
ENSG00000183889,ENSG00000183889_L1,16,16202568,16202569,0.207296135965281,9,1
ENSG00000103226,ENSG00000103226_L1,16,16202631,16202632,0.0574264779448473,2,1
ENSG00000183889,ENSG00000183889_L1,16,16202631,16202632,0.679385895272823,9,1
ENSG00000091262,ENSG00000091262_L2,16,16227403,16227404,0.999702971995795,1,1
ENSG00000140988,ENSG00000140988_L2,16,1964030,1964031,0.268489057860889,9,1
ENSG00000183971,ENSG00000183971_L1,16,2016658,2016659,0.297540803428416,5,1
ENSG00000011638,ENSG00000011638_L1,16,21172956,21172957,0.804084416682275,2,1
ENSG00000167965,ENSG00000167965_L1,16,2205762,2205763,0.349885860862749,8,1
ENSG00000169246,ENSG00000169246_L1,16,22343646,22343647,0.258327032435797,9,1
ENSG00000261613,ENSG00000261613_L1,16,2663727,2663728,0.314664027257071,6,1
ENSG00000263280,ENSG00000263280_L1,16,2866790,2866791,0.687713337959673,4,1
ENSG00000059122,ENSG00000059122_L1,16,2936322,2936323,0.965297768981883,1,1
ENSG00000149926,ENSG00000149926_L1,16,30070046,30070047,0.296167459547158,5,1
ENSG00000102882,ENSG00000102882_L1,16,30123335,30123336,0.65862983130666,3,1
ENSG00000102886,ENSG00000102886_L1,16,30123335,30123336,0.0128960700325319,32,1
ENSG00000103126,ENSG00000103126_L1,16,360178,360179,0.999435699319718,1,1
ENSG00000263105,ENSG00000263105_L1,16,4179380,4179381,0.975300989639801,1,1
ENSG00000103415,ENSG00000103415_L1,16,4448173,4448174,0.0100357715420734,42,1
ENSG00000153406,ENSG00000153406_L2,16,4448173,4448174,0.911354515613171,6,1
ENSG00000103184,ENSG00000103184_L1,16,4987752,4987753,0.916003725327407,2,1
ENSG00000261241,ENSG00000261241_L1,16,50885017,50885018,0.378913970320675,7,1
ENSG00000285567,ENSG00000285567_L1,16,5235393,5235394,0.360010641337582,3,1
ENSG00000198848,ENSG00000198848_L1,16,55833101,55833102,0.655256785668778,3,1
ENSG00000103034,ENSG00000103034_L1,16,58569624,58569625,0.982500926600503,1,1
ENSG00000172840,ENSG00000172840_L1,16,66904920,66904921,0.683814538213119,9,1
ENSG00000132600,ENSG00000132600_L1,16,68349319,68349320,0.850354615500303,2,1
ENSG00000103051,ENSG00000103051_L1,16,70570333,70570334,0.99017179054206,1,1
ENSG00000103254,ENSG00000103254_L1,16,721108,721109,0.514714618047881,9,1
ENSG00000259209,ENSG00000259209_L1,16,72798236,72798237,0.594833205348196,2,1
ENSG00000140839,ENSG00000140839_L1,16,74254942,74254943,0.860430556734243,3,1
ENSG00000168411,ENSG00000168411_L2,16,74560326,74560327,0.798295460892704,8,1
ENSG00000205078,ENSG00000205078_L2,16,77213509,77213510,0.885252045191678,3,1
ENSG00000276007,ENSG00000276007_L1,16,78117440,78117441,0.504148969200588,4,1
ENSG00000166451,ENSG00000166451_L1,16,81011342,81011343,0.302391873607081,6,1
ENSG00000261061,ENSG00000261061_L1,16,81011342,81011343,0.0815132933670935,9,1
ENSG00000261061,ENSG00000261061_L1,16,81035143,81035144,0.191889618519389,9,1
ENSG00000261235,ENSG00000261235_L1,16,82063195,82063196,0.271899403360489,8,1
ENSG00000140943,ENSG00000140943_L1,16,84116773,84116774,0.510536947605532,2,1
ENSG00000103168,ENSG00000103168_L1,16,84180359,84180360,0.825645776549518,5,1
ENSG00000064270,ENSG00000064270_L1,16,84368669,84368670,0.906427942493908,2,1
ENSG00000261286,ENSG00000261286_L2,16,84455324,84455325,0.7120695259588,2,1
ENSG00000275088,ENSG00000275088_L1,16,85152342,85152343,0.756333916682981,4,1
ENSG00000103248,ENSG00000103248_L1,16,86535218,86535219,0.345313300086149,3,1
ENSG00000269935,ENSG00000269935_L1,16,87605249,87605250,0.367573705292063,9,1
ENSG00000260671,ENSG00000260671_L1,16,87730661,87730662,0.712357827745509,2,1
ENSG00000104731,ENSG00000104731_L1,16,87794511,87794512,0.928458729860128,2,1
ENSG00000158717,ENSG00000158717_L1,16,88712423,88712424,0.218537948843176,6,1
ENSG00000167515,ENSG00000167515_L1,16,88855226,88855227,0.231715390131684,8,1
ENSG00000170100,ENSG00000170100_L2,16,89225631,89225632,0.631554396962514,5,1
ENSG00000131165,ENSG00000131165_L1,16,89647614,89647615,0.976670559028595,1,1
ENSG00000185324,ENSG00000185324_L1,16,89686691,89686692,0.944608952079715,2,1
ENSG00000075399,ENSG00000075399_L1,16,89720241,89720242,0.0055883933684097,21,1
ENSG00000261373,ENSG00000261373_L1,16,89720241,89720242,0.240958280965263,6,1
ENSG00000125430,ENSG00000125430_L1,17,14330432,14330433,0.276614632151375,9,1
ENSG00000125409,ENSG00000125409_L1,17,15341610,15341611,0.2755928250409,4,1
ENSG00000133030,ENSG00000133030_L1,17,17042272,17042273,0.790268952678961,2,1
ENSG00000171928,ENSG00000171928_L1,17,18806179,18806180,0.335377234134253,4,1
ENSG00000260907,ENSG00000260907_L1,17,20531078,20531079,0.487025435602308,4,1
ENSG00000181031,ENSG00000181031_L1,17,216413,216414,0.540320312183193,2,1
ENSG00000132359,ENSG00000132359_L1,17,2854306,2854307,0.599512935929058,3,1
ENSG00000261848,ENSG00000261848_L1,17,3176537,3176538,0.60691185857331,2,1
ENSG00000263571,ENSG00000263571_L1,17,34138060,34138061,0.413032494520514,5,1
ENSG00000092871,ENSG00000092871_L1,17,35059112,35059113,0.38657725630384,7,1
ENSG00000267364,ENSG00000267364_L2,17,35367070,35367071,0.340564647619395,6,1
ENSG00000154760,ENSG00000154760_L1,17,35433630,35433631,0.999701272575922,1,4
ENSG00000172123,ENSG00000172123_L1,17,35433630,35433631,0.999923937608286,1,4
ENSG00000267547,ENSG00000267547_L1,17,35433630,35433631,0.586870553113901,10,4
ENSG00000267711,ENSG00000267711_L1,17,35433630,35433631,0.97715043288968,1,4
ENSG00000267745,ENSG00000267745_L1,17,35433630,35433631,0.931565379113213,2,4
ENSG00000270806,ENSG00000270806_L1,17,35567147,35567148,0.999992106762993,1,1
ENSG00000197417,ENSG00000197417_L1,17,3611304,3611305,0.492851830230579,3,1
ENSG00000196689,ENSG00000196689_L1,17,3618369,3618370,0.535239462607668,2,1
ENSG00000108405,ENSG00000108405_L1,17,3904738,3904739,0.937785191942673,2,1
ENSG00000187624,ENSG00000187624_L1,17,410351,410352,0.644092987622206,3,1
ENSG00000197291,ENSG00000197291_L1,17,42759407,42759408,0.653012114738774,6,1
ENSG00000068137,ENSG00000068137_L1,17,42820133,42820134,0.214939652168686,9,1
ENSG00000188554,ENSG00000188554_L2,17,43693225,43693226,0.548921974201402,3,1
ENSG00000183688,ENSG00000183688_L1,17,444326,444327,0.927885618411713,2,1
ENSG00000185829,ENSG00000185829_L1,17,46044213,46044214,0.211444088212649,2,1
ENSG00000214401,ENSG00000214401_L2,17,46044213,46044214,0.679984874005395,7,1
ENSG00000185829,ENSG00000185829_L1,17,46087972,46087973,0.776810263817199,2,1
ENSG00000120071,ENSG00000120071_L1,17,46153527,46153528,0.0092944929973268,3009,2
ENSG00000176681,ENSG00000176681_L1,17,46153527,46153528,0.999999994159197,1,2
ENSG00000238083,ENSG00000238083_L1,17,46153527,46153528,0.999999999964605,1,2
ENSG00000228696,ENSG00000228696_L3,17,46877571,46877572,0.951272239424559,1,1
ENSG00000178852,ENSG00000178852_L1,17,47327778,47327779,0.518568589100203,2,1
ENSG00000141295,ENSG00000141295_L2,17,47840239,47840240,0.999512419873986,1,1
ENSG00000108823,ENSG00000108823_L1,17,50169466,50169467,0.351153590744985,7,1
ENSG00000006282,ENSG00000006282_L1,17,50547946,50547947,0.358389744290346,3,1
ENSG00000243678,ENSG00000243678_L1,17,51166498,51166499,0.448718672192668,3,1
ENSG00000129204,ENSG00000129204_L1,17,5250721,5250722,1.0,1,2
ENSG00000167840,ENSG00000167840_L1,17,5250721,5250722,0.999999999994602,1,2
ENSG00000108559,ENSG00000108559_L1,17,5391681,5391682,0.756712823785519,3,1
ENSG00000263272,ENSG00000263272_L1,17,5431553,5431554,0.180434210695286,8,1
ENSG00000005100,ENSG00000005100_L1,17,5442368,5442369,0.977306481825409,1,1
ENSG00000256806,ENSG00000256806_L1,17,6652703,6652704,0.302661575423042,7,1
ENSG00000070540,ENSG00000070540_L1,17,68456500,68456501,0.878669548084492,2,1
ENSG00000108839,ENSG00000108839_L1,17,7000625,7000626,0.213780799092628,7,1
ENSG00000072818,ENSG00000072818_L1,17,7323638,7323639,0.98312902022828,1,1
ENSG00000167861,ENSG00000167861_L1,17,74961867,74961868,0.363421842941247,6,1
ENSG00000177885,ENSG00000177885_L1,17,75333081,75333082,0.327725781204415,7,1
ENSG00000132470,ENSG00000132470_L1,17,75721341,75721342,0.999932305439059,1,1
ENSG00000132481,ENSG00000132481_L1,17,75877575,75877576,0.214505950028274,8,1
ENSG00000182534,ENSG00000182534_L2,17,76691695,76691696,0.282207570326772,7,1
ENSG00000267432,ENSG00000267432_L1,17,78489579,78489580,0.566181595195789,3,1
ENSG00000141519,ENSG00000141519_L1,17,80043815,80043816,0.57939673200133,2,1
ENSG00000171298,ENSG00000171298_L1,17,80102793,80102794,0.997223442803139,1,1
ENSG00000181523,ENSG00000181523_L1,17,80209619,80209620,0.250742112081656,7,1
ENSG00000262580,ENSG00000262580_L1,17,80210594,80210595,0.295746297100425,4,1
ENSG00000181045,ENSG00000181045_L1,17,80215535,80215536,0.324797069476112,5,1
ENSG00000224877,ENSG00000224877_L1,17,81239762,81239763,0.997444400849161,1,1
ENSG00000182612,ENSG00000182612_L1,17,81648542,81648543,0.465369059202494,8,1
ENSG00000181396,ENSG00000181396_L1,17,82415576,82415577,0.906824889640234,5,1
ENSG00000141580,ENSG00000141580_L1,17,82635211,82635212,0.190109455406949,8,1
ENSG00000262663,ENSG00000262663_L1,17,82709416,82709417,0.989734828324214,1,1
ENSG00000176845,ENSG00000176845_L1,17,83083884,83083885,0.510707578923127,3,1
ENSG00000134508,ENSG00000134508_L1,18,23139200,23139201,0.692257846644209,3,1
ENSG00000272688,ENSG00000272688_L1,18,3247258,3247259,0.993652993211566,1,1
ENSG00000262001,ENSG00000262001_L1,18,3608688,3608689,0.27187638769176,9,1
ENSG00000075643,ENSG00000075643_L1,18,36203565,36203566,0.776267148313774,2,1
ENSG00000134775,ENSG00000134775_L1,18,36292092,36292093,0.975421767957444,1,1
ENSG00000134779,ENSG00000134779_L1,18,36744413,36744414,0.893803845933513,5,1
ENSG00000134042,ENSG00000134042_L1,18,50816517,50816518,0.290111756540889,6,1
ENSG00000066926,ENSG00000066926_L1,18,57571588,57571589,0.999988258235174,1,1
ENSG00000274828,ENSG00000274828_L2,18,79726861,79726862,0.999918993524089,1,1
ENSG00000168461,ENSG00000168461_L1,18,9743638,9743639,0.75681762703865,6,1
ENSG00000116032,ENSG00000116032_L1,19,1004897,1004898,0.505618633107598,3,1
ENSG00000269560,ENSG00000269560_L1,19,12530246,12530247,0.251177453605217,8,1
ENSG00000105607,ENSG00000105607_L1,19,12960268,12960269,0.99973827124148,1,1
ENSG00000037757,ENSG00000037757_L1,19,13764812,13764813,0.730399007733991,7,1
ENSG00000123146,ENSG00000123146_L1,19,14381256,14381257,0.999993381595254,1,1
ENSG00000160951,ENSG00000160951_L1,19,14475433,14475434,0.531780729706234,9,1
ENSG00000105143,ENSG00000105143_L1,19,14979502,14979503,0.306970975662847,4,1
ENSG00000130313,ENSG00000130313_L1,19,17522800,17522801,0.524204681353369,2,1
ENSG00000051128,ENSG00000051128_L1,19,18940148,18940149,0.99999873409947,1,2
ENSG00000269019,ENSG00000269019_L1,19,18940148,18940149,0.999943696417621,1,2
ENSG00000104899,ENSG00000104899_L1,19,2248684,2248685,0.987805445505034,1,1
ENSG00000220008,ENSG00000220008_L1,19,2306576,2306577,0.294301172075783,5,1
ENSG00000130332,ENSG00000130332_L1,19,2325006,2325007,0.24060618290554,5,1
ENSG00000141934,ENSG00000141934_L1,19,286164,286165,0.440118185306017,6,1
ENSG00000260725,ENSG00000260725_L1,19,28727385,28727386,0.094148389298376,10,1
ENSG00000267537,ENSG00000267537_L1,19,28727385,28727386,0.0862439594051641,10,1
ENSG00000283403,ENSG00000283403_L1,19,28727385,28727386,0.127989481473745,9,1
ENSG00000175691,ENSG00000175691_L1,19,2936537,2936538,0.999989898470632,1,1
ENSG00000131944,ENSG00000131944_L1,19,32975612,32975613,0.261840300696708,6,1
ENSG00000124299,ENSG00000124299_L2,19,33391316,33391317,0.30675444158914,9,1
ENSG00000197841,ENSG00000197841_L1,19,34734627,34734628,0.193420826369764,8,1
ENSG00000261754,ENSG00000261754_L1,19,34849062,34849063,0.153654946846861,9,1
ENSG00000267767,ENSG00000267767_L1,19,34849062,34849063,0.0838954989377363,25,1
ENSG00000227392,ENSG00000227392_L1,19,35086389,35086390,0.983900645632926,1,1
ENSG00000179855,ENSG00000179855_L1,19,3589415,3589416,0.346087632469691,5,1
ENSG00000183617,ENSG00000183617_L1,19,3762700,3762701,0.38806252044726,4,1
ENSG00000167641,ENSG00000167641_L1,19,38245164,38245165,0.158836294847008,9,1
ENSG00000167645,ENSG00000167645_L1,19,38317835,38317836,0.413477930802805,7,1
ENSG00000105278,ENSG00000105278_L1,19,3840159,3840160,0.68748895390613,3,1
ENSG00000269190,ENSG00000269190_L1,19,38953428,38953429,0.221937298619868,8,1
ENSG00000090932,ENSG00000090932_L2,19,39497996,39497997,0.575571860737417,3,1
ENSG00000105202,ENSG00000105202_L1,19,39710127,39710128,0.20972769079541,6,1
ENSG00000275395,ENSG00000275395_L1,19,39890893,39890894,0.987064435636945,1,1
ENSG00000259436,ENSG00000259436_L2,19,41242498,41242499,0.847988221917458,3,1
ENSG00000077348,ENSG00000077348_L1,19,41360424,41360425,0.319148269910317,5,1
ENSG00000142046,ENSG00000142046_L1,19,41377293,41377294,0.977192391467766,1,1
ENSG00000204936,ENSG00000204936_L1,19,43366735,43366736,0.538602154572969,2,1
ENSG00000104783,ENSG00000104783_L1,19,43774629,43774630,0.701792017876323,2,1
ENSG00000277806,ENSG00000277806_L1,19,43962944,43962945,0.446946708627511,3,1
ENSG00000204920,ENSG00000204920_L1,19,43984200,43984201,0.999999999463507,1,1
ENSG00000266903,ENSG00000266903_L1,19,44711015,44711016,1.0,1,1
ENSG00000104884,ENSG00000104884_L1,19,45352266,45352267,0.153368194173622,9,1
ENSG00000267757,ENSG00000267757_L1,19,45641767,45641768,0.999999996330864,1,1
ENSG00000011478,ENSG00000011478_L1,19,45699825,45699826,0.423179005319127,3,1
ENSG00000105287,ENSG00000105287_L2,19,46246515,46246516,0.98642208203288,1,1
ENSG00000105281,ENSG00000105281_L1,19,46784893,46784894,0.96666792550479,1,1
ENSG00000105499,ENSG00000105499_L1,19,48062211,48062212,0.491509182063013,3,1
ENSG00000178150,ENSG00000178150_L1,19,48260540,48260541,0.805468731126449,5,1
ENSG00000268186,ENSG00000268186_L1,19,48269951,48269952,0.16144500226699,8,1
ENSG00000176920,ENSG00000176920_L2,19,48494649,48494650,0.682165475221769,4,1
ENSG00000104808,ENSG00000104808_L1,19,48942422,48942423,0.315926079894046,4,1
ENSG00000177380,ENSG00000177380_L1,19,49129052,49129053,0.263255842394489,7,1
ENSG00000104901,ENSG00000104901_L1,19,49384752,49384753,0.21813972679018,9,1
ENSG00000169169,ENSG00000169169_L1,19,49685899,49685900,0.966380431787158,1,1
ENSG00000086967,ENSG00000086967_L1,19,50439526,50439527,0.314610854841797,9,1
ENSG00000198464,ENSG00000198464_L1,19,52305017,52305018,0.677409526867662,3,1
ENSG00000189190,ENSG00000189190_L1,19,52790069,52790070,0.861528950836969,2,1
ENSG00000274447,ENSG00000274447_L1,19,5293643,5293644,0.979680097994865,1,1
ENSG00000160336,ENSG00000160336_L1,19,53433030,53433031,0.641984125017295,5,1
ENSG00000286261,ENSG00000286261_L1,19,53460972,53460973,0.673243607331709,3,1
ENSG00000198346,ENSG00000198346_L1,19,53468927,53468928,0.27039328627873,5,1
ENSG00000170906,ENSG00000170906_L1,19,54108427,54108428,0.210616969348796,7,1
ENSG00000275183,ENSG00000275183_L1,19,54444499,54444500,0.994626232651632,1,1
ENSG00000133247,ENSG00000133247_L1,19,55342945,55342946,0.624484792373232,2,1
ENSG00000108107,ENSG00000108107_L1,19,55385959,55385960,0.999244247624143,1,1
ENSG00000283567,ENSG00000283567_L1,19,55461583,55461584,0.998554431858998,1,1
ENSG00000187550,ENSG00000187550_L1,19,55537619,55537620,0.869825376896824,9,1
ENSG00000231274,ENSG00000231274_L1,19,55551360,55551361,0.9176981575917,2,1
ENSG00000213015,ENSG00000213015_L1,19,55643152,55643153,0.806204151826357,3,1
ENSG00000173581,ENSG00000173581_L1,19,55654109,55654110,0.40949398377007,8,1
ENSG00000196365,ENSG00000196365_L1,19,5696951,5696952,0.970819990609556,1,1
ENSG00000267871,ENSG00000267871_L1,19,57288250,57288251,0.167346860376483,8,1
ENSG00000152433,ENSG00000152433_L1,19,57366826,57366827,0.187694280316921,12,1
ENSG00000256060,ENSG00000256060_L1,19,57366826,57366827,0.268211396588693,6,1
ENSG00000188785,ENSG00000188785_L1,19,57390054,57390055,0.279597794024683,5,1
ENSG00000268266,ENSG00000268266_L1,19,57428251,57428252,0.304624890591969,3,1
ENSG00000276449,ENSG00000276449_L1,19,57428251,57428252,0.42992871675109,6,1
ENSG00000268266,ENSG00000268266_L1,19,57432329,57432330,0.376978984223103,3,1
ENSG00000276449,ENSG00000276449_L1,19,57432329,57432330,0.32764625979133,6,1
ENSG00000179909,ENSG00000179909_L1,19,57683743,57683744,0.401655784058086,3,1
ENSG00000083828,ENSG00000083828_L1,19,57729859,57729860,0.86136186348523,3,1
ENSG00000176593,ENSG00000176593_L1,19,58017253,58017254,0.450051487419683,4,1
ENSG00000152467,ENSG00000152467_L1,19,58038913,58038914,0.242197564569378,8,1
ENSG00000268516,ENSG00000268516_L1,19,58279441,58279442,0.13277284296911,9,1
ENSG00000267751,ENSG00000267751_L1,19,585618,585619,0.985092287645874,1,1
ENSG00000171124,ENSG00000171124_L1,19,5859399,5859400,0.210504235604971,9,1
ENSG00000099821,ENSG00000099821_L1,19,636375,636376,0.750717045627252,2,1
ENSG00000181240,ENSG00000181240_L1,19,6436293,6436294,0.258067341906202,5,1
ENSG00000125734,ENSG00000125734_L1,19,6718067,6718068,0.992420856663701,1,1
ENSG00000104883,ENSG00000104883_L1,19,7482188,7482189,0.239407007606782,9,1
ENSG00000182566,ENSG00000182566_L1,19,7733320,7733321,0.728041990169819,2,1
ENSG00000286138,ENSG00000286138_L1,19,7947130,7947131,0.907099811460648,2,1
ENSG00000131142,ENSG00000131142_L1,19,8052724,8052725,0.844383510791871,3,1
ENSG00000142449,ENSG00000142449_L1,19,8155632,8155633,0.320376394092793,8,1
ENSG00000167775,ENSG00000167775_L1,19,8305236,8305237,0.515645189695683,2,1
ENSG00000233927,ENSG00000233927_L1,19,8329208,8329209,0.267832552155481,5,1
ENSG00000188000,ENSG00000188000_L1,19,9243900,9243901,0.355703169844964,4,1
ENSG00000065268,ENSG00000065268_L1,19,985997,985998,0.156167726283719,7,1
ENSG00000132623,ENSG00000132623_L1,20,10044303,10044304,0.253711339974103,5,1
ENSG00000125818,ENSG00000125818_L1,20,1115987,1115988,0.99370406480215,1,1
ENSG00000282478,ENSG00000282478_L1,20,11539628,11539629,0.161073256404781,8,1
ENSG00000088832,ENSG00000088832_L1,20,1370065,1370066,0.999999963839963,1,1
ENSG00000101441,ENSG00000101441_L1,20,23747705,23747706,0.531779404473371,2,1
ENSG00000196476,ENSG00000196476_L1,20,279880,279881,0.575131078437651,2,1
ENSG00000215305,ENSG00000215305_L1,20,2908646,2908647,0.360280793982987,4,1
ENSG00000125877,ENSG00000125877_L1,20,3213028,3213029,0.906108487664692,3,1
ENSG00000101363,ENSG00000101363_L1,20,37316771,37316772,0.996927304397265,1,1
ENSG00000129988,ENSG00000129988_L1,20,38359598,38359599,0.982174880263343,1,1
ENSG00000224635,ENSG00000224635_L1,20,38396918,38396919,0.28973702385088,3,1
ENSG00000275401,ENSG00000275401_L1,20,38396918,38396919,0.780438509097642,3,1
ENSG00000224635,ENSG00000224635_L1,20,38408984,38408985,0.555029149246414,3,1
ENSG00000275401,ENSG00000275401_L1,20,38408984,38408985,0.0377841855025148,3,1
ENSG00000196756,ENSG00000196756_L1,20,38438477,38438478,0.283277560329844,4,1
ENSG00000124143,ENSG00000124143_L1,20,38606495,38606496,0.369044650696435,6,1
ENSG00000101452,ENSG00000101452_L1,20,38972004,38972005,0.580890738012601,7,1
ENSG00000223891,ENSG00000223891_L1,20,44211379,44211380,0.980314733913418,1,1
ENSG00000101443,ENSG00000101443_L1,20,45469654,45469655,0.914796478946152,2,1
ENSG00000196562,ENSG00000196562_L1,20,47663405,47663406,0.490088548676291,5,1
ENSG00000203999,ENSG00000203999_L1,20,50309287,50309288,0.383458186600847,5,1
ENSG00000054793,ENSG00000054793_L1,20,51768282,51768283,0.738753935938647,4,1
ENSG00000236352,ENSG00000236352_L1,20,53933309,53933310,0.305993527606769,8,1
ENSG00000101158,ENSG00000101158_L1,20,58989640,58989641,0.99978571920678,1,1
ENSG00000101181,ENSG00000101181_L1,20,62196900,62196901,0.999999990463608,1,1
ENSG00000273619,ENSG00000273619_L1,20,62386309,62386310,0.679198929933971,4,1
ENSG00000149679,ENSG00000149679_L2,20,62398610,62398611,0.249435247544074,5,1
ENSG00000101204,ENSG00000101204_L1,20,63361195,63361196,0.84960156269971,2,1
ENSG00000196700,ENSG00000196700_L1,20,63963816,63963817,0.173501201928929,9,1
ENSG00000171700,ENSG00000171700_L1,20,64080700,64080701,0.191327680971603,8,1
ENSG00000125898,ENSG00000125898_L1,20,843779,843780,0.46712359361129,5,1
ENSG00000101333,ENSG00000101333_L1,20,9020443,9020444,0.367723147200541,4,1
ENSG00000226956,ENSG00000226956_L1,21,17672079,17672080,0.748369094449517,5,1
ENSG00000156261,ENSG00000156261_L1,21,29073453,29073454,0.271886606190862,4,1
ENSG00000237945,ENSG00000237945_L1,21,33931656,33931657,0.999987656985672,1,1
ENSG00000159267,ENSG00000159267_L1,21,36989963,36989964,0.170186453357974,7,1
ENSG00000157554,ENSG00000157554_L1,21,38489880,38489881,0.256320590204497,4,1
ENSG00000183036,ENSG00000183036_L1,21,39540073,39540074,0.509232259995285,2,2
ENSG00000183067,ENSG00000183067_L1,21,39540073,39540074,0.408977340433636,20,2
ENSG00000183778,ENSG00000183778_L1,21,39540073,39540074,0.617105370247583,2,2
ENSG00000184809,ENSG00000184809_L1,21,39540073,39540074,0.562300125201352,2,2
ENSG00000184809,ENSG00000184809_L3,21,39609682,39609683,0.915807152470625,4,1
ENSG00000183067,ENSG00000183067_L2,21,39782837,39782838,0.211570837002628,6,1
ENSG00000183844,ENSG00000183844_L2,21,41317710,41317711,0.358545653310426,3,1
ENSG00000235023,ENSG00000235023_L1,21,42651946,42651947,0.370896639736512,7,1
ENSG00000233056,ENSG00000233056_L2,21,42809835,42809836,0.584440681253493,9,1
ENSG00000225218,ENSG00000225218_L1,21,42888608,42888609,0.991668808939662,1,1
ENSG00000160194,ENSG00000160194_L1,21,42903610,42903611,0.999999999999991,1,1
ENSG00000160200,ENSG00000160200_L1,21,43063662,43063663,0.502241502699263,2,1
ENSG00000142178,ENSG00000142178_L1,21,43417671,43417672,0.999234418278849,1,1
ENSG00000160213,ENSG00000160213_L1,21,43781951,43781952,0.79980132313862,2,1
ENSG00000241945,ENSG00000241945_L2,21,44107410,44107411,0.998780542024185,1,1
ENSG00000160223,ENSG00000160223_L1,21,44223125,44223126,0.678033258511384,3,1
ENSG00000175894,ENSG00000175894_L1,21,44706561,44706562,0.179138203208035,7,1
ENSG00000183255,ENSG00000183255_L1,21,44849795,44849796,0.45996729467895,8,1
ENSG00000182871,ENSG00000182871_L1,21,45404379,45404380,0.22230567122874,9,1
ENSG00000233922,ENSG00000233922_L1,21,45591863,45591864,0.217726953778594,8,1
ENSG00000274248,ENSG00000274248_L1,21,45973040,45973041,0.288397040216604,9,1
ENSG00000160285,ENSG00000160285_L1,21,46223528,46223529,0.353876505770763,4,1
ENSG00000182362,ENSG00000182362_L2,21,46582913,46582914,0.399090635701057,3,1
ENSG00000160284,ENSG00000160284_L2,21,46587734,46587735,0.49266874911876,2,1
ENSG00000177663,ENSG00000177663_L1,22,17105693,17105694,0.346020152556375,3,1
ENSG00000093072,ENSG00000093072_L1,22,17199629,17199630,0.999999999994451,1,1
ENSG00000182902,ENSG00000182902_L1,22,17562040,17562041,0.997991454996116,1,1
ENSG00000284294,ENSG00000284294_L1,22,18945158,18945159,0.422425981894182,4,1
ENSG00000100033,ENSG00000100033_L2,22,18968082,18968083,0.985774325723349,1,1
ENSG00000185065,ENSG00000185065_L1,22,19470220,19470221,0.238949926663726,5,1
ENSG00000215012,ENSG00000215012_L1,22,19857760,19857761,0.775839333243869,3,1
ENSG00000273139,ENSG00000273139_L1,22,19954653,19954654,0.241930778670278,6,1
ENSG00000230513,ENSG00000230513_L1,22,21009671,21009672,0.648584978427587,3,1
ENSG00000275004,ENSG00000275004_L1,22,22244470,22244471,0.547925464651455,4,2
ENSG00000286129,ENSG00000286129_L1,22,22244470,22244471,0.799778061368075,2,2
ENSG00000099974,ENSG00000099974_L1,22,23924539,23924540,0.0672400140418945,4,2
ENSG00000272787,ENSG00000272787_L1,22,23924539,23924540,0.239508839236073,5,2
ENSG00000273295,ENSG00000273295_L1,22,23924539,23924540,0.273699091678285,5,2
ENSG00000099974,ENSG00000099974_L1,22,23924860,23924861,0.788861562842362,4,1
ENSG00000099991,ENSG00000099991_L1,22,23924860,23924861,0.0038101970470678,45,1
ENSG00000272787,ENSG00000272787_L1,22,23924860,23924861,0.104903064890047,5,1
ENSG00000273295,ENSG00000273295_L1,22,23924860,23924861,0.124866393204392,5,1
ENSG00000233577,ENSG00000233577_L1,22,25267555,25267556,0.320582917382306,4,1
ENSG00000100109,ENSG00000100109_L1,22,26512467,26512468,0.294818849535705,4,1
ENSG00000128294,ENSG00000128294_L2,22,26527359,26527360,0.362070168114976,4,1
ENSG00000206028,ENSG00000206028_L1,22,26671829,26671830,0.991648327965291,1,1
ENSG00000100154,ENSG00000100154_L1,22,28551643,28551644,0.566915992593426,8,1
ENSG00000100263,ENSG00000100263_L1,22,29260442,29260443,0.496620769058607,4,1
ENSG00000214491,ENSG00000214491_L1,22,30535037,30535038,0.621154181115024,5,1
ENSG00000205856,ENSG00000205856_L1,22,32009591,32009592,0.997134893258171,1,1
ENSG00000100191,ENSG00000100191_L1,22,32319998,32319999,0.933655848579127,2,1
ENSG00000128335,ENSG00000128335_L1,22,36239710,36239711,0.988679207122773,1,1
ENSG00000100124,ENSG00000100124_L1,22,38051629,38051630,0.999998185354307,1,1
ENSG00000179750,ENSG00000179750_L1,22,38963350,38963351,0.99988433839,1,1
ENSG00000249310,ENSG00000249310_L1,22,38996245,38996246,0.159868589338677,9,1
ENSG00000239713,ENSG00000239713_L1,22,39076172,39076173,0.989228048161057,1,1
ENSG00000100298,ENSG00000100298_L1,22,39099775,39099776,0.312094523874306,4,1
ENSG00000100321,ENSG00000100321_L1,22,39349693,39349694,0.214951167462562,5,1
ENSG00000100324,ENSG00000100324_L1,22,39421012,39421013,0.999971009228303,1,1
ENSG00000100417,ENSG00000100417_L2,22,41743661,41743662,0.97996199260319,1,1
ENSG00000184983,ENSG00000184983_L1,22,42090076,42090077,0.531562281312391,2,1
ENSG00000189306,ENSG00000189306_L1,22,42510653,42510654,0.999999986206583,1,1
ENSG00000100304,ENSG00000100304_L1,22,43179768,43179769,0.902954375990337,3,1
ENSG00000100341,ENSG00000100341_L1,22,43813317,43813318,0.996400524443487,1,1
ENSG00000241484,ENSG00000241484_L3,22,44736611,44736612,0.870068619834227,2,1
ENSG00000260708,ENSG00000260708_L1,22,46762282,46762283,0.583556674706821,4,1
ENSG00000073169,ENSG00000073169_L1,22,50196115,50196116,0.183919935230222,8,1
ENSG00000100241,ENSG00000100241_L1,22,50444930,50444931,0.803118620891847,7,1
ENSG00000217442,ENSG00000217442_L1,22,50525826,50525827,0.552377475005609,3,1
ENSG00000100299,ENSG00000100299_L2,22,50625988,50625989,0.986023664780315,1,1
