vertex ID,cs,cluster,phenotype_id,positions
0,ENSG00000188290_L1_BLUEPRINT_SE.monocyte_ge,"[12, 13, 14, 15, 16, 17]",ENSG00000188290,"[995543, 1000079, 1000112, 1000453, 1000814, 1000830]"
1,ENSG00000272512_L1_BLUEPRINT_SE.monocyte_ge,"[12, 13, 14, 15, 16, 17]",ENSG00000272512,"[995543, 1000079, 1000112, 1000453, 1000814, 1000830]"
2,ENSG00000160075_L1_BLUEPRINT_SE.monocyte_ge,"[43, 44, 45]",ENSG00000160075,"[1573654, 1574445, 1575724]"
3,ENSG00000215014_L1_BLUEPRINT_SE.monocyte_ge,"[43, 44, 45]",ENSG00000215014,"[1573654, 1574445, 1575724]"
4,ENSG00000189339_L1_BLUEPRINT_PE.T-cell_ge,"[47, 48, 49]",ENSG00000189339,"[1658830, 1659060, 1661177]"
5,ENSG00000215790_L1_BLUEPRINT_PE.T-cell_ge,"[47, 48, 49]",ENSG00000215790,"[1658830, 1659060, 1661177]"
6,ENSG00000189339_L1_BLUEPRINT_SE.monocyte_ge,"[47, 48, 49]",ENSG00000189339,"[1658830, 1659060, 1661177]"
7,ENSG00000215790_L1_BLUEPRINT_SE.monocyte_ge,"[47, 48, 49]",ENSG00000215790,"[1658830, 1659060, 1661177]"
8,ENSG00000272004_L1_BLUEPRINT_SE.monocyte_ge,"[47, 48, 49, 54]",ENSG00000272004,"[1658830, 1659060, 1661177, 1668108]"
9,ENSG00000189339_L1_BLUEPRINT_SE.neutrophil_ge,"[47, 48, 49]",ENSG00000189339,"[1658830, 1659060, 1661177]"
10,ENSG00000215790_L1_BLUEPRINT_SE.neutrophil_ge,"[47, 48, 49]",ENSG00000215790,"[1658830, 1659060, 1661177]"
11,ENSG00000272004_L1_BLUEPRINT_PE.T-cell_ge,[54],ENSG00000272004,[1668108]
12,ENSG00000248333_L1_BLUEPRINT_SE.neutrophil_ge,[54],ENSG00000248333,[1668108]
13,ENSG00000189339_L2_BLUEPRINT_SE.monocyte_ge,"[57, 58, 59, 61, 63]",ENSG00000189339,"[1671797, 1671995, 1673060, 1674720, 1674868]"
14,ENSG00000189339_L3_BLUEPRINT_SE.neutrophil_ge,"[57, 58, 59, 61, 63]",ENSG00000189339,"[1671797, 1671995, 1673060, 1674720, 1674868]"
15,ENSG00000189339_L2_BLUEPRINT_PE.T-cell_ge,[62],ENSG00000189339,[1674848]
16,ENSG00000189339_L3_BLUEPRINT_SE.monocyte_ge,[62],ENSG00000189339,[1674848]
17,ENSG00000268575_L1_BLUEPRINT_PE.T-cell_ge,[67],ENSG00000268575,[1742587]
18,ENSG00000268575_L1_BLUEPRINT_SE.monocyte_ge,[67],ENSG00000268575,[1742587]
19,ENSG00000268575_L1_BLUEPRINT_SE.neutrophil_ge,[67],ENSG00000268575,[1742587]
20,ENSG00000008128_L2_BLUEPRINT_PE.T-cell_ge,[71],ENSG00000008128,[1845552]
21,ENSG00000268575_L3_BLUEPRINT_PE.T-cell_ge,[71],ENSG00000268575,[1845552]
22,ENSG00000008128_L2_BLUEPRINT_SE.monocyte_ge,[71],ENSG00000008128,[1845552]
23,ENSG00000268575_L2_BLUEPRINT_SE.monocyte_ge,[71],ENSG00000268575,[1845552]
24,ENSG00000008128_L2_BLUEPRINT_SE.neutrophil_ge,[71],ENSG00000008128,[1845552]
25,ENSG00000215790_L3_BLUEPRINT_SE.neutrophil_ge,[71],ENSG00000215790,[1845552]
26,ENSG00000268575_L3_BLUEPRINT_SE.neutrophil_ge,[71],ENSG00000268575,[1845552]
27,ENSG00000008128_L1_BLUEPRINT_PE.T-cell_ge,[72],ENSG00000008128,[1851793]
28,ENSG00000268575_L2_BLUEPRINT_PE.T-cell_ge,"[72, 73]",ENSG00000268575,"[1851793, 1893169]"
29,ENSG00000008128_L1_BLUEPRINT_SE.monocyte_ge,[72],ENSG00000008128,[1851793]
30,ENSG00000189339_L4_BLUEPRINT_SE.monocyte_ge,"[72, 73]",ENSG00000189339,"[1851793, 1893169]"
31,ENSG00000215790_L2_BLUEPRINT_SE.monocyte_ge,"[72, 73]",ENSG00000215790,"[1851793, 1893169]"
32,ENSG00000268575_L3_BLUEPRINT_SE.monocyte_ge,[72],ENSG00000268575,[1851793]
33,ENSG00000008128_L1_BLUEPRINT_SE.neutrophil_ge,"[72, 73]",ENSG00000008128,"[1851793, 1893169]"
34,ENSG00000215790_L2_BLUEPRINT_SE.neutrophil_ge,[72],ENSG00000215790,[1851793]
35,ENSG00000268575_L2_BLUEPRINT_SE.neutrophil_ge,"[72, 73]",ENSG00000268575,"[1851793, 1893169]"
36,ENSG00000162585_L1_BLUEPRINT_PE.T-cell_ge,"[80, 87]",ENSG00000162585,"[2128619, 2179409]"
37,ENSG00000162585_L1_BLUEPRINT_SE.monocyte_ge,"[80, 87]",ENSG00000162585,"[2128619, 2179409]"
38,ENSG00000271806_L1_BLUEPRINT_SE.monocyte_ge,"[86, 88, 90]",ENSG00000271806,"[2178273, 2197221, 2256504]"
39,ENSG00000271806_L1_BLUEPRINT_SE.neutrophil_ge,"[86, 88, 90]",ENSG00000271806,"[2178273, 2197221, 2256504]"
40,ENSG00000116213_L1_Alasoo_2018.macrophage_Salmonella_ge,"[115, 116]",ENSG00000116213,"[3629700, 3650061]"
41,ENSG00000116213_L1_BLUEPRINT_SE.monocyte_ge,"[115, 116, 117, 118, 119, 120]",ENSG00000116213,"[3629700, 3650061, 3654319, 3656168, 3657855, 3657856]"
42,ENSG00000116213_L1_Alasoo_2018.macrophage_IFNg+Salmonella_ge,"[116, 117, 118, 119, 120]",ENSG00000116213,"[3650061, 3654319, 3656168, 3657855, 3657856]"
43,ENSG00000116213_L1_BLUEPRINT_SE.neutrophil_ge,"[116, 117]",ENSG00000116213,"[3650061, 3654319]"
44,ENSG00000235169_L1_BLUEPRINT_SE.monocyte_ge,"[124, 125, 126]",ENSG00000235169,"[3767757, 3772081, 3774700]"
45,ENSG00000235169_L1_BLUEPRINT_SE.neutrophil_ge,"[124, 125, 126]",ENSG00000235169,"[3767757, 3772081, 3774700]"
46,ENSG00000198912_L2_BLUEPRINT_PE.T-cell_ge,[131],ENSG00000198912,[3891607]
47,ENSG00000198912_L1_BLUEPRINT_SE.monocyte_ge,[131],ENSG00000198912,[3891607]
48,ENSG00000116237_L1_BLUEPRINT_SE.monocyte_ge,"[163, 164]",ENSG00000116237,"[6233830, 6235951]"
49,ENSG00000116237_L1_BLUEPRINT_SE.neutrophil_ge,"[163, 164]",ENSG00000116237,"[6233830, 6235951]"
50,ENSG00000007923_L1_BLUEPRINT_PE.T-cell_ge,"[174, 175, 176, 177, 178, 179, 180, 181, 182]",ENSG00000007923,"[6625382, 6625791, 6629117, 6630080, 6630870, 6634920, 6635063, 6635184, 6635742]"
51,ENSG00000041988_L1_BLUEPRINT_SE.monocyte_ge,"[174, 175, 176, 177, 178, 179, 180, 181, 182]",ENSG00000041988,"[6625382, 6625791, 6629117, 6630080, 6630870, 6634920, 6635063, 6635184, 6635742]"
52,ENSG00000204859_L1_BLUEPRINT_SE.neutrophil_ge,[174],ENSG00000204859,[6625382]
53,ENSG00000049239_L1_BLUEPRINT_PE.T-cell_ge,"[238, 239, 240, 241, 242, 243]",ENSG00000049239,"[9230648, 9231607, 9232547, 9234844, 9235385, 9235735]"
54,ENSG00000049239_L1_BLUEPRINT_SE.monocyte_ge,"[238, 239, 240, 242, 243]",ENSG00000049239,"[9230648, 9231607, 9232547, 9235385, 9235735]"
55,ENSG00000049239_L1_BLUEPRINT_SE.neutrophil_ge,"[238, 239, 240, 241, 242, 243]",ENSG00000049239,"[9230648, 9231607, 9232547, 9234844, 9235385, 9235735]"
56,ENSG00000171621_L1_Alasoo_2018.macrophage_IFNg_ge,"[252, 253, 254, 255, 256, 257, 258, 260]",ENSG00000171621,"[9280257, 9281869, 9283740, 9286524, 9288507, 9290312, 9291432, 9295217]"
57,ENSG00000171621_L1_Alasoo_2018.macrophage_naive_ge,"[252, 253, 254, 255, 256, 257, 258, 260]",ENSG00000171621,"[9280257, 9281869, 9283740, 9286524, 9288507, 9290312, 9291432, 9295217]"
58,ENSG00000171621_L1_Alasoo_2018.macrophage_Salmonella_ge,"[252, 253, 254, 255, 256, 257, 258]",ENSG00000171621,"[9280257, 9281869, 9283740, 9286524, 9288507, 9290312, 9291432]"
59,ENSG00000054523_L1_BLUEPRINT_SE.monocyte_ge,[268],ENSG00000054523,[10211630]
60,ENSG00000054523_L1_BLUEPRINT_SE.neutrophil_ge,[268],ENSG00000054523,[10211630]
61,ENSG00000284642_L1_BLUEPRINT_SE.neutrophil_ge,[268],ENSG00000284642,[10211630]
62,ENSG00000116688_L1_Alasoo_2018.macrophage_IFNg_ge,"[303, 304, 306]",ENSG00000116688,"[11986032, 11986823, 11999355]"
63,ENSG00000116688_L1_Alasoo_2018.macrophage_naive_ge,"[303, 304]",ENSG00000116688,"[11986032, 11986823]"
64,ENSG00000116688_L1_Alasoo_2018.macrophage_Salmonella_ge,"[303, 304, 306]",ENSG00000116688,"[11986032, 11986823, 11999355]"
65,ENSG00000083444_L1_BLUEPRINT_SE.monocyte_ge,"[303, 304, 306]",ENSG00000083444,"[11986032, 11986823, 11999355]"
66,ENSG00000116688_L1_BLUEPRINT_SE.monocyte_ge,"[303, 304]",ENSG00000116688,"[11986032, 11986823]"
67,ENSG00000142634_L1_BLUEPRINT_SE.monocyte_ge,[323],ENSG00000142634,[15411869]
68,ENSG00000142634_L1_BLUEPRINT_SE.neutrophil_ge,[323],ENSG00000142634,[15411869]
69,ENSG00000142632_L1_Alasoo_2018.macrophage_IFNg_ge,"[337, 338, 339, 340]",ENSG00000142632,"[16200034, 16203554, 16206527, 16207335]"
70,ENSG00000142632_L1_BLUEPRINT_PE.T-cell_ge,"[337, 338, 339, 341, 342]",ENSG00000142632,"[16200034, 16203554, 16206527, 16209309, 16210794]"
71,ENSG00000142632_L1_Alasoo_2018.macrophage_naive_ge,"[338, 339, 340, 341, 342]",ENSG00000142632,"[16203554, 16206527, 16207335, 16209309, 16210794]"
72,ENSG00000142632_L1_BLUEPRINT_SE.monocyte_ge,"[339, 341, 342]",ENSG00000142632,"[16206527, 16209309, 16210794]"
73,ENSG00000132881_L1_Alasoo_2018.macrophage_naive_ge,"[343, 344, 345, 346, 347]",ENSG00000132881,"[16223037, 16230128, 16234533, 16236473, 16237140]"
74,ENSG00000132881_L1_BLUEPRINT_PE.T-cell_ge,"[343, 344, 345, 346, 347]",ENSG00000132881,"[16223037, 16230128, 16234533, 16236473, 16237140]"
75,ENSG00000132881_L1_BLUEPRINT_SE.monocyte_ge,"[343, 344, 345, 346, 347]",ENSG00000132881,"[16223037, 16230128, 16234533, 16236473, 16237140]"
76,ENSG00000157191_L1_BLUEPRINT_SE.monocyte_ge,[359],ENSG00000157191,[16439071]
77,ENSG00000226029_L1_BLUEPRINT_SE.monocyte_ge,[359],ENSG00000226029,[16439071]
78,ENSG00000226029_L1_BLUEPRINT_PE.T-cell_ge,"[362, 363, 367]",ENSG00000226029,"[16450248, 16453565, 16460141]"
79,ENSG00000226029_L2_BLUEPRINT_SE.monocyte_ge,"[362, 363, 367]",ENSG00000226029,"[16450248, 16453565, 16460141]"
80,ENSG00000226029_L1_BLUEPRINT_SE.neutrophil_ge,"[362, 363, 367]",ENSG00000226029,"[16450248, 16453565, 16460141]"
81,ENSG00000238142_L1_BLUEPRINT_PE.T-cell_ge,[388],ENSG00000238142,[16909880]
82,ENSG00000272426_L1_BLUEPRINT_PE.T-cell_ge,[388],ENSG00000272426,[16909880]
83,ENSG00000238142_L1_BLUEPRINT_SE.monocyte_ge,[388],ENSG00000238142,[16909880]
84,ENSG00000058453_L1_Alasoo_2018.macrophage_IFNg+Salmonella_ge,"[390, 391, 392, 393, 399, 400]",ENSG00000058453,"[16949400, 16963416, 16974953, 16975405, 17010896, 17011965]"
85,ENSG00000058453_L1_Alasoo_2018.macrophage_IFNg_ge,"[390, 391, 392, 393, 395]",ENSG00000058453,"[16949400, 16963416, 16974953, 16975405, 16981663]"
86,ENSG00000058453_L1_Alasoo_2018.macrophage_naive_ge,"[391, 392, 393]",ENSG00000058453,"[16963416, 16974953, 16975405]"
87,ENSG00000058453_L1_Alasoo_2018.macrophage_Salmonella_ge,"[392, 393]",ENSG00000058453,"[16974953, 16975405]"
88,ENSG00000159363_L2_BLUEPRINT_SE.neutrophil_ge,"[392, 393, 395, 399, 400]",ENSG00000159363,"[16974953, 16975405, 16981663, 17010896, 17011965]"
89,ENSG00000117115_L1_BLUEPRINT_SE.monocyte_ge,"[402, 403, 404, 405, 406, 407]",ENSG00000117115,"[17098021, 17098138, 17098145, 17098582, 17099124, 17099334]"
90,ENSG00000117115_L1_BLUEPRINT_SE.neutrophil_ge,"[402, 403, 404, 405, 406, 407]",ENSG00000117115,"[17098021, 17098138, 17098145, 17098582, 17099124, 17099334]"
91,ENSG00000169914_L1_BLUEPRINT_PE.T-cell_ge,"[468, 475, 477, 478, 480, 481, 482]",ENSG00000169914,"[19882290, 19884740, 19885115, 19885177, 19892535, 19896007, 19912367]"
92,ENSG00000169914_L1_BLUEPRINT_SE.neutrophil_ge,"[468, 475, 477, 478, 480, 481, 482]",ENSG00000169914,"[19882290, 19884740, 19885115, 19885177, 19892535, 19896007, 19912367]"
93,ENSG00000090432_L1_Alasoo_2018.macrophage_IFNg+Salmonella_ge,[491],ENSG00000090432,[20508117]
94,ENSG00000090432_L1_Alasoo_2018.macrophage_IFNg_ge,[491],ENSG00000090432,[20508117]
95,ENSG00000090432_L1_Alasoo_2018.macrophage_naive_ge,[491],ENSG00000090432,[20508117]
96,ENSG00000090432_L1_Alasoo_2018.macrophage_Salmonella_ge,[491],ENSG00000090432,[20508117]
97,ENSG00000090432_L1_BLUEPRINT_PE.T-cell_ge,[494],ENSG00000090432,[20522548]
98,ENSG00000090432_L1_BLUEPRINT_SE.monocyte_ge,[494],ENSG00000090432,[20522548]
99,ENSG00000117298_L1_BLUEPRINT_SE.monocyte_ge,"[516, 517, 520, 521]",ENSG00000117298,"[21336537, 21338944, 21347512, 21347880]"
100,ENSG00000117298_L1_BLUEPRINT_SE.neutrophil_ge,"[516, 520, 521]",ENSG00000117298,"[21336537, 21347512, 21347880]"
101,ENSG00000231105_L1_BLUEPRINT_SE.neutrophil_ge,"[516, 517]",ENSG00000231105,"[21336537, 21338944]"
102,ENSG00000142794_L1_BLUEPRINT_SE.monocyte_ge,"[522, 523]",ENSG00000142794,"[21440170, 21440603]"
103,ENSG00000142794_L1_BLUEPRINT_SE.neutrophil_ge,"[522, 523]",ENSG00000142794,"[21440170, 21440603]"
104,ENSG00000218510_L1_BLUEPRINT_SE.neutrophil_ge,[532],ENSG00000218510,[22019154]
105,ENSG00000228397_L1_BLUEPRINT_SE.neutrophil_ge,[532],ENSG00000228397,[22019154]
106,ENSG00000218510_L1_Alasoo_2018.macrophage_naive_ge,"[533, 534, 535, 536, 538, 539, 541, 545]",ENSG00000218510,"[22020645, 22020759, 22021611, 22022063, 22023672, 22024054, 22024833, 22025615]"
107,ENSG00000218510_L3_BLUEPRINT_SE.neutrophil_ge,"[533, 534, 535, 536, 538, 539, 541, 545]",ENSG00000218510,"[22020645, 22020759, 22021611, 22022063, 22023672, 22024054, 22024833, 22025615]"
108,ENSG00000188529_L1_BLUEPRINT_SE.monocyte_ge,"[584, 589, 590, 591]",ENSG00000188529,"[23960395, 24039022, 24049173, 24049199]"
109,ENSG00000188529_L1_BLUEPRINT_SE.neutrophil_ge,"[584, 589, 590, 591]",ENSG00000188529,"[23960395, 24039022, 24049173, 24049199]"
110,ENSG00000183726_L4_BLUEPRINT_SE.monocyte_ge,"[615, 620, 623]",ENSG00000183726,"[25349039, 25383919, 25491691]"
111,ENSG00000183726_L2_BLUEPRINT_SE.neutrophil_ge,"[615, 620, 623]",ENSG00000183726,"[25349039, 25383919, 25491691]"
112,ENSG00000183726_L1_BLUEPRINT_SE.monocyte_ge,[617],ENSG00000183726,[25362915]
113,ENSG00000183726_L1_BLUEPRINT_SE.neutrophil_ge,[617],ENSG00000183726,[25362915]
114,ENSG00000130695_L2_BLUEPRINT_PE.T-cell_ge,"[662, 663, 664]",ENSG00000130695,"[26201318, 26201319, 26201460]"
115,ENSG00000142684_L1_BLUEPRINT_PE.T-cell_ge,"[662, 663, 664]",ENSG00000142684,"[26201318, 26201319, 26201460]"
116,ENSG00000169442_L2_BLUEPRINT_SE.monocyte_ge,"[687, 688]",ENSG00000169442,"[26350182, 26351699]"
117,ENSG00000158062_L3_BLUEPRINT_SE.neutrophil_ge,"[687, 688]",ENSG00000158062,"[26350182, 26351699]"
118,ENSG00000198830_L2_BLUEPRINT_PE.T-cell_ge,[692],ENSG00000198830,[26478678]
119,ENSG00000198830_L1_BLUEPRINT_SE.monocyte_ge,[692],ENSG00000198830,[26478678]
120,ENSG00000130775_L2_BLUEPRINT_PE.T-cell_ge,"[714, 716, 717, 718]",ENSG00000130775,"[27881376, 27882794, 27882851, 27882855]"
121,ENSG00000130775_L1_BLUEPRINT_SE.monocyte_ge,"[714, 716, 717, 718]",ENSG00000130775,"[27881376, 27882794, 27882851, 27882855]"
122,ENSG00000117748_L2_BLUEPRINT_PE.T-cell_ge,[720],ENSG00000117748,[27914572]
123,ENSG00000117748_L2_BLUEPRINT_SE.monocyte_ge,[720],ENSG00000117748,[27914572]
124,ENSG00000117748_L2_BLUEPRINT_SE.neutrophil_ge,[720],ENSG00000117748,[27914572]
125,ENSG00000180198_L1_BLUEPRINT_SE.monocyte_ge,"[733, 735, 741, 742, 743, 744]",ENSG00000180198,"[28441532, 28508664, 28562282, 28620138, 28627426, 28654700]"
126,ENSG00000242125_L1_BLUEPRINT_SE.monocyte_ge,"[733, 741, 742, 743, 744]",ENSG00000242125,"[28441532, 28562282, 28620138, 28627426, 28654700]"
127,ENSG00000180198_L1_BLUEPRINT_SE.neutrophil_ge,"[735, 742, 743]",ENSG00000180198,"[28508664, 28620138, 28627426]"
128,ENSG00000180198_L1_BLUEPRINT_PE.T-cell_ge,"[742, 743]",ENSG00000180198,"[28620138, 28627426]"
129,ENSG00000184007_L1_BLUEPRINT_PE.T-cell_ge,"[766, 767, 768, 769, 770, 771, 772, 773, 774]",ENSG00000184007,"[31905536, 31905922, 31906146, 31907280, 31927959, 31927977, 31928220, 31932289, 31934101]"
130,ENSG00000184007_L1_BLUEPRINT_SE.monocyte_ge,"[766, 767, 768, 769, 770, 771, 772, 773, 774]",ENSG00000184007,"[31905536, 31905922, 31906146, 31907280, 31927959, 31927977, 31928220, 31932289, 31934101]"
131,ENSG00000116883_L1_Alasoo_2018.macrophage_Salmonella_ge,"[799, 800, 801, 802, 803, 804, 806]",ENSG00000116883,"[36233260, 36246432, 36286551, 36292460, 36294989, 36322287, 36323945]"
132,ENSG00000116883_L1_BLUEPRINT_SE.neutrophil_ge,"[799, 800, 801, 802, 803, 804, 806]",ENSG00000116883,"[36233260, 36246432, 36286551, 36292460, 36294989, 36322287, 36323945]"
133,ENSG00000142694_L1_BLUEPRINT_SE.monocyte_ge,"[805, 807]",ENSG00000142694,"[36323755, 36387404]"
134,ENSG00000142694_L1_BLUEPRINT_SE.neutrophil_ge,"[805, 807]",ENSG00000142694,"[36323755, 36387404]"
135,ENSG00000233621_L1_BLUEPRINT_PE.T-cell_ge,"[815, 816, 818]",ENSG00000233621,"[37473493, 37474398, 37478905]"
136,ENSG00000233621_L1_BLUEPRINT_SE.neutrophil_ge,"[815, 816, 818]",ENSG00000233621,"[37473493, 37474398, 37478905]"
137,ENSG00000204084_L1_BLUEPRINT_PE.T-cell_ge,"[827, 828, 829, 830, 831, 832, 834, 836, 841]",ENSG00000204084,"[37803164, 37818475, 37819884, 37824431, 37825665, 37828954, 37862263, 37878930, 37887731]"
138,ENSG00000204084_L1_BLUEPRINT_SE.monocyte_ge,"[827, 828, 829, 830, 831, 832, 834, 836, 841]",ENSG00000204084,"[37803164, 37818475, 37819884, 37824431, 37825665, 37828954, 37862263, 37878930, 37887731]"
139,ENSG00000197982_L1_Alasoo_2018.macrophage_IFNg+Salmonella_ge,"[842, 843]",ENSG00000197982,"[37895724, 37898603]"
140,ENSG00000204084_L1_BLUEPRINT_SE.neutrophil_ge,"[842, 843]",ENSG00000204084,"[37895724, 37898603]"
141,ENSG00000183386_L2_BLUEPRINT_SE.monocyte_ge,"[849, 851, 852]",ENSG00000183386,"[37990219, 37995647, 37996149]"
142,ENSG00000183520_L1_BLUEPRINT_SE.monocyte_ge,"[849, 851, 852]",ENSG00000183520,"[37990219, 37995647, 37996149]"
143,ENSG00000183386_L1_BLUEPRINT_PE.T-cell_ge,[852],ENSG00000183386,[37996149]
144,ENSG00000183386_L1_Alasoo_2018.macrophage_IFNg_ge,[853],ENSG00000183386,[37999643]
145,ENSG00000183386_L1_BLUEPRINT_SE.monocyte_ge,[853],ENSG00000183386,[37999643]
146,ENSG00000183431_L1_BLUEPRINT_SE.monocyte_ge,[853],ENSG00000183431,[37999643]
147,ENSG00000183386_L1_BLUEPRINT_SE.neutrophil_ge,[853],ENSG00000183386,[37999643]
148,ENSG00000183431_L3_BLUEPRINT_SE.neutrophil_ge,[853],ENSG00000183431,[37999643]
149,ENSG00000116981_L1_BLUEPRINT_PE.T-cell_ge,"[858, 859, 860, 861, 862, 863]",ENSG00000116981,"[39673686, 39673881, 39674449, 39674510, 39675841, 39676369]"
150,ENSG00000116983_L1_BLUEPRINT_PE.T-cell_ge,"[858, 859, 860, 861, 862, 863]",ENSG00000116983,"[39673686, 39673881, 39674449, 39674510, 39675841, 39676369]"
151,ENSG00000084072_L1_BLUEPRINT_PE.T-cell_ge,"[864, 865, 866, 867, 868, 871, 873, 875, 876, 878]",ENSG00000084072,"[39738050, 39738494, 39738752, 39739151, 39739455, 39751586, 39753393, 39755134, 39755395, 39760374]"
152,ENSG00000084072_L1_BLUEPRINT_SE.monocyte_ge,"[864, 865, 866, 867, 868, 871, 873, 875, 876, 878]",ENSG00000084072,"[39738050, 39738494, 39738752, 39739151, 39739455, 39751586, 39753393, 39755134, 39755395, 39760374]"
153,ENSG00000043514_L1_Alasoo_2018.macrophage_Salmonella_ge,"[891, 892, 893, 894, 895, 896, 897, 898, 899]",ENSG00000043514,"[39837955, 39846381, 39847435, 39851773, 39855522, 39864469, 39873795, 39879840, 39880989]"
154,ENSG00000043514_L2_BLUEPRINT_SE.monocyte_ge,"[891, 892, 893, 894, 895, 896, 897, 898, 899]",ENSG00000043514,"[39837955, 39846381, 39847435, 39851773, 39855522, 39864469, 39873795, 39879840, 39880989]"
155,ENSG00000131238_L1_BLUEPRINT_SE.monocyte_ge,"[910, 911, 912, 913, 914, 915, 916, 917, 919, 920]",ENSG00000131238,"[40093381, 40093432, 40093481, 40093535, 40093576, 40093616, 40093769, 40093806, 40095799, 40097321]"
156,ENSG00000131238_L1_BLUEPRINT_SE.neutrophil_ge,"[910, 911, 912, 913, 914, 915, 916, 917, 919, 920]",ENSG00000131238,"[40093381, 40093432, 40093481, 40093535, 40093576, 40093616, 40093769, 40093806, 40095799, 40097321]"
157,ENSG00000131238_L2_BLUEPRINT_SE.monocyte_ge,"[921, 922]",ENSG00000131238,"[40098413, 40099215]"
158,ENSG00000131238_L2_BLUEPRINT_SE.neutrophil_ge,"[921, 922]",ENSG00000131238,"[40098413, 40099215]"
159,ENSG00000177868_L1_Alasoo_2018.macrophage_IFNg_ge,[967],ENSG00000177868,[42802299]
160,ENSG00000177868_L1_BLUEPRINT_SE.neutrophil_ge,[967],ENSG00000177868,[42802299]
161,ENSG00000164010_L1_BLUEPRINT_SE.monocyte_ge,"[971, 972, 973, 974, 975, 976, 977]",ENSG00000164010,"[42836844, 42837694, 42838697, 42844968, 42845494, 42845892, 42852122]"
162,ENSG00000164010_L1_BLUEPRINT_SE.neutrophil_ge,"[971, 972, 973, 974, 975, 976, 977]",ENSG00000164010,"[42836844, 42837694, 42838697, 42844968, 42845494, 42845892, 42852122]"
163,ENSG00000159214_L1_BLUEPRINT_PE.T-cell_ge,"[989, 990, 991]",ENSG00000159214,"[43991543, 43991633, 43993256]"
164,ENSG00000159214_L1_BLUEPRINT_SE.monocyte_ge,"[989, 990, 991]",ENSG00000159214,"[43991543, 43991633, 43993256]"
165,ENSG00000159214_L1_BLUEPRINT_SE.neutrophil_ge,"[989, 990]",ENSG00000159214,"[43991543, 43991633]"
166,ENSG00000126107_L1_BLUEPRINT_PE.T-cell_ge,"[998, 1000, 1003, 1004]",ENSG00000126107,"[44776185, 44819880, 45012091, 45034411]"
167,ENSG00000126088_L2_BLUEPRINT_SE.monocyte_ge,"[998, 1003]",ENSG00000126088,"[44776185, 45012091]"
168,ENSG00000126107_L1_BLUEPRINT_SE.monocyte_ge,"[998, 1000, 1003, 1004]",ENSG00000126107,"[44776185, 44819880, 45012091, 45034411]"
169,ENSG00000126088_L1_BLUEPRINT_SE.neutrophil_ge,"[998, 1000, 1003, 1004]",ENSG00000126088,"[44776185, 44819880, 45012091, 45034411]"
170,ENSG00000126107_L1_BLUEPRINT_SE.neutrophil_ge,"[998, 1003]",ENSG00000126107,"[44776185, 45012091]"
171,ENSG00000085998_L1_BLUEPRINT_PE.T-cell_ge,[1005],ENSG00000085998,[46198577]
172,ENSG00000171357_L1_BLUEPRINT_PE.T-cell_ge,[1005],ENSG00000171357,[46198577]
173,ENSG00000117481_L1_BLUEPRINT_SE.monocyte_ge,"[1015, 1016, 1017, 1018, 1019]",ENSG00000117481,"[46340570, 46340721, 46340757, 46340808, 46340878]"
174,ENSG00000117481_L1_BLUEPRINT_SE.neutrophil_ge,"[1015, 1016, 1017, 1018, 1019]",ENSG00000117481,"[46340570, 46340721, 46340757, 46340808, 46340878]"
175,ENSG00000079277_L1_Alasoo_2018.macrophage_IFNg_ge,"[1020, 1021, 1022, 1023, 1024, 1025, 1026, 1027, 1028]",ENSG00000079277,"[46562271, 46564408, 46565668, 46568177, 46570318, 46581769, 46590555, 46591961, 46593191]"
176,ENSG00000079277_L1_BLUEPRINT_SE.monocyte_ge,"[1020, 1021, 1022, 1023, 1024, 1025, 1026, 1027, 1028]",ENSG00000079277,"[46562271, 46564408, 46565668, 46568177, 46570318, 46581769, 46590555, 46591961, 46593191]"
177,ENSG00000079277_L1_BLUEPRINT_SE.neutrophil_ge,"[1024, 1025, 1026, 1027, 1028]",ENSG00000079277,"[46570318, 46581769, 46590555, 46591961, 46593191]"
178,ENSG00000116157_L1_BLUEPRINT_PE.T-cell_ge,"[1045, 1046, 1047, 1048, 1049, 1050, 1051, 1052]",ENSG00000116157,"[52596569, 52598362, 52602758, 52604721, 52607884, 52608860, 52609649, 52613461]"
179,ENSG00000116157_L1_BLUEPRINT_SE.monocyte_ge,"[1045, 1046, 1047, 1048, 1049, 1050, 1051, 1052]",ENSG00000116157,"[52596569, 52598362, 52602758, 52604721, 52607884, 52608860, 52609649, 52613461]"
180,ENSG00000116171_L1_BLUEPRINT_SE.monocyte_ge,"[1053, 1054]",ENSG00000116171,"[52927236, 52967114]"
181,ENSG00000121310_L1_BLUEPRINT_SE.monocyte_ge,"[1053, 1054]",ENSG00000121310,"[52927236, 52967114]"
182,ENSG00000116171_L1_BLUEPRINT_SE.neutrophil_ge,"[1053, 1054]",ENSG00000116171,"[52927236, 52967114]"
183,ENSG00000162384_L1_BLUEPRINT_PE.T-cell_ge,"[1055, 1056, 1057, 1058, 1059, 1060, 1061]",ENSG00000162384,"[53209377, 53218853, 53220711, 53234498, 53241157, 53247664, 53263864]"
184,ENSG00000162384_L1_BLUEPRINT_SE.monocyte_ge,"[1055, 1056, 1057, 1058, 1059, 1060, 1061]",ENSG00000162384,"[53209377, 53218853, 53220711, 53234498, 53241157, 53247664, 53263864]"
185,ENSG00000215883_L1_BLUEPRINT_PE.T-cell_ge,[1065],ENSG00000215883,[54154524]
186,ENSG00000215883_L1_BLUEPRINT_SE.monocyte_ge,[1065],ENSG00000215883,[54154524]
187,ENSG00000132849_L1_Alasoo_2018.macrophage_naive_ge,"[1097, 1098, 1099, 1100, 1101, 1102]",ENSG00000132849,"[61741582, 61742713, 61746932, 61754266, 61755896, 61756886]"
188,ENSG00000132849_L1_BLUEPRINT_PE.T-cell_ge,"[1097, 1098, 1099, 1100, 1101, 1102]",ENSG00000132849,"[61741582, 61742713, 61746932, 61754266, 61755896, 61756886]"
189,ENSG00000132849_L1_BLUEPRINT_SE.monocyte_ge,"[1097, 1098, 1099, 1100, 1101, 1102]",ENSG00000132849,"[61741582, 61742713, 61746932, 61754266, 61755896, 61756886]"
190,ENSG00000132849_L1_BLUEPRINT_SE.neutrophil_ge,"[1097, 1098]",ENSG00000132849,"[61741582, 61742713]"
191,ENSG00000142856_L1_BLUEPRINT_PE.T-cell_ge,"[1122, 1123, 1124]",ENSG00000142856,"[63599109, 63602349, 63603824]"
192,ENSG00000142856_L1_BLUEPRINT_SE.monocyte_ge,"[1122, 1123, 1124]",ENSG00000142856,"[63599109, 63602349, 63603824]"
193,ENSG00000162437_L1_BLUEPRINT_PE.T-cell_ge,"[1126, 1128]",ENSG00000162437,"[64745107, 64848529]"
194,ENSG00000162437_L2_BLUEPRINT_SE.monocyte_ge,"[1126, 1128]",ENSG00000162437,"[64745107, 64848529]"
195,ENSG00000162437_L1_BLUEPRINT_SE.neutrophil_ge,"[1126, 1128]",ENSG00000162437,"[64745107, 64848529]"
196,ENSG00000213625_L1_Alasoo_2018.macrophage_IFNg+Salmonella_ge,"[1131, 1139, 1140, 1144, 1145, 1148]",ENSG00000213625,"[65413805, 65421825, 65421923, 65422877, 65423171, 65425016]"
197,ENSG00000116678_L3_BLUEPRINT_SE.monocyte_ge,"[1131, 1139, 1140, 1144, 1145, 1148]",ENSG00000116678,"[65413805, 65421825, 65421923, 65422877, 65423171, 65425016]"
198,ENSG00000116678_L1_BLUEPRINT_PE.T-cell_ge,"[1132, 1133, 1134, 1135, 1136, 1137, 1138, 1142, 1146]",ENSG00000116678,"[65419886, 65420279, 65420459, 65420528, 65420715, 65420765, 65421330, 65422402, 65424549]"
199,ENSG00000213625_L1_BLUEPRINT_PE.T-cell_ge,"[1132, 1133, 1134, 1135, 1136, 1137, 1138, 1142]",ENSG00000213625,"[65419886, 65420279, 65420459, 65420528, 65420715, 65420765, 65421330, 65422402]"
200,ENSG00000213625_L1_BLUEPRINT_SE.monocyte_ge,"[1132, 1133, 1134, 1135, 1136, 1137, 1138, 1142, 1146]",ENSG00000213625,"[65419886, 65420279, 65420459, 65420528, 65420715, 65420765, 65421330, 65422402, 65424549]"
201,ENSG00000213625_L2_BLUEPRINT_SE.neutrophil_ge,"[1139, 1140, 1148]",ENSG00000213625,"[65421825, 65421923, 65425016]"
202,ENSG00000116678_L2_BLUEPRINT_SE.neutrophil_ge,[1143],ENSG00000116678,[65422548]
203,ENSG00000213625_L1_BLUEPRINT_SE.neutrophil_ge,[1143],ENSG00000213625,[65422548]
204,ENSG00000116704_L1_BLUEPRINT_SE.monocyte_ge,[1174],ENSG00000116704,[67063560]
205,ENSG00000116704_L1_BLUEPRINT_SE.neutrophil_ge,[1174],ENSG00000116704,[67063560]
206,ENSG00000116729_L1_BLUEPRINT_SE.monocyte_ge,"[1175, 1178, 1179]",ENSG00000116729,"[68255458, 68304762, 68322048]"
207,ENSG00000116729_L2_BLUEPRINT_SE.neutrophil_ge,"[1175, 1178, 1179]",ENSG00000116729,"[68255458, 68304762, 68322048]"
208,ENSG00000162614_L1_BLUEPRINT_PE.T-cell_ge,"[1213, 1220, 1224, 1228, 1230, 1231]",ENSG00000162614,"[77557488, 77865541, 77926761, 77995251, 78029491, 78038580]"
209,ENSG00000162616_L1_BLUEPRINT_PE.T-cell_ge,"[1213, 1220, 1224, 1228, 1230, 1231]",ENSG00000162616,"[77557488, 77865541, 77926761, 77995251, 78029491, 78038580]"
210,ENSG00000162616_L1_BLUEPRINT_SE.monocyte_ge,"[1221, 1223, 1225, 1229]",ENSG00000162616,"[77887547, 77911867, 77951260, 78004822]"
211,ENSG00000273338_L1_BLUEPRINT_SE.monocyte_ge,"[1221, 1223, 1225, 1229]",ENSG00000273338,"[77887547, 77911867, 77951260, 78004822]"
212,ENSG00000162613_L1_BLUEPRINT_PE.T-cell_ge,[1227],ENSG00000162613,[77984833]
213,ENSG00000162613_L1_BLUEPRINT_SE.monocyte_ge,[1227],ENSG00000162613,[77984833]
214,ENSG00000162618_L1_Alasoo_2018.macrophage_IFNg+Salmonella_ge,"[1242, 1243, 1244, 1245, 1246, 1247, 1248]",ENSG00000162618,"[79004010, 79004180, 79004703, 79006111, 79012051, 79020467, 79024617]"
215,ENSG00000162618_L2_Alasoo_2018.macrophage_IFNg_ge,"[1242, 1243, 1244, 1245, 1246, 1247, 1248]",ENSG00000162618,"[79004010, 79004180, 79004703, 79006111, 79012051, 79020467, 79024617]"
216,ENSG00000162618_L2_Alasoo_2018.macrophage_Salmonella_ge,"[1242, 1243, 1244, 1245, 1246, 1247, 1248]",ENSG00000162618,"[79004010, 79004180, 79004703, 79006111, 79012051, 79020467, 79024617]"
217,ENSG00000117226_L1_Alasoo_2018.macrophage_IFNg+Salmonella_ge,"[1281, 1282, 1283, 1284, 1285, 1288, 1289]",ENSG00000117226,"[89006209, 89009135, 89009452, 89010159, 89010247, 89015900, 89019515]"
218,ENSG00000117226_L1_Alasoo_2018.macrophage_IFNg_ge,"[1281, 1282, 1283, 1284, 1285, 1286, 1288]",ENSG00000117226,"[89006209, 89009135, 89009452, 89010159, 89010247, 89012940, 89015900]"
219,ENSG00000117226_L1_Alasoo_2018.macrophage_naive_ge,"[1281, 1282, 1283, 1284, 1285, 1286, 1287, 1288]",ENSG00000117226,"[89006209, 89009135, 89009452, 89010159, 89010247, 89012940, 89012941, 89015900]"
220,ENSG00000117226_L1_Alasoo_2018.macrophage_Salmonella_ge,"[1281, 1282, 1283, 1284, 1285, 1286, 1287, 1288]",ENSG00000117226,"[89006209, 89009135, 89009452, 89010159, 89010247, 89012940, 89012941, 89015900]"
221,ENSG00000117226_L1_BLUEPRINT_SE.monocyte_ge,"[1281, 1282, 1283, 1284, 1288]",ENSG00000117226,"[89006209, 89009135, 89009452, 89010159, 89015900]"
222,ENSG00000117226_L1_BLUEPRINT_SE.neutrophil_ge,"[1281, 1282, 1283, 1284, 1288, 1289]",ENSG00000117226,"[89006209, 89009135, 89009452, 89010159, 89015900, 89019515]"
223,ENSG00000154451_L1_BLUEPRINT_PE.T-cell_ge,"[1295, 1296, 1297]",ENSG00000154451,"[89276834, 89276838, 89276878]"
224,ENSG00000162654_L1_BLUEPRINT_PE.T-cell_ge,"[1295, 1296, 1297]",ENSG00000162654,"[89276834, 89276838, 89276878]"
225,ENSG00000171488_L1_BLUEPRINT_SE.monocyte_ge,[1302],ENSG00000171488,[89757841]
226,ENSG00000171488_L1_BLUEPRINT_SE.neutrophil_ge,[1302],ENSG00000171488,[89757841]
227,ENSG00000154511_L1_BLUEPRINT_PE.T-cell_ge,[1330],ENSG00000154511,[92960610]
228,ENSG00000154511_L1_BLUEPRINT_SE.monocyte_ge,[1330],ENSG00000154511,[92960610]
229,ENSG00000122483_L2_BLUEPRINT_PE.T-cell_ge,[1336],ENSG00000122483,[93180861]
230,ENSG00000122483_L1_BLUEPRINT_SE.monocyte_ge,[1336],ENSG00000122483,[93180861]
231,ENSG00000188641_L1_BLUEPRINT_SE.neutrophil_ge,"[1348, 1349, 1350, 1351]",ENSG00000188641,"[97869646, 97871198, 97893462, 97907089]"
232,ENSG00000232542_L1_BLUEPRINT_SE.neutrophil_ge,"[1348, 1349, 1350, 1351]",ENSG00000232542,"[97869646, 97871198, 97893462, 97907089]"
233,ENSG00000079335_L1_Alasoo_2018.macrophage_IFNg_ge,[1363],ENSG00000079335,[100353172]
234,ENSG00000079335_L1_Alasoo_2018.macrophage_naive_ge,[1363],ENSG00000079335,[100353172]
235,ENSG00000079335_L1_BLUEPRINT_SE.neutrophil_ge,[1363],ENSG00000079335,[100353172]
236,ENSG00000162694_L1_BLUEPRINT_PE.T-cell_ge,"[1375, 1381, 1382, 1383]",ENSG00000162694,"[100894659, 100996676, 100997582, 101011156]"
237,ENSG00000273204_L1_BLUEPRINT_PE.T-cell_ge,"[1375, 1381, 1382, 1383]",ENSG00000273204,"[100894659, 100996676, 100997582, 101011156]"
238,ENSG00000162694_L1_BLUEPRINT_SE.monocyte_ge,"[1381, 1382]",ENSG00000162694,"[100996676, 100997582]"
239,ENSG00000085491_L1_BLUEPRINT_PE.T-cell_ge,"[1445, 1446]",ENSG00000085491,"[108200437, 108202312]"
240,ENSG00000085491_L1_BLUEPRINT_SE.neutrophil_ge,"[1445, 1446]",ENSG00000085491,"[108200437, 108202312]"
241,ENSG00000121940_L1_BLUEPRINT_SE.monocyte_ge,[1450],ENSG00000121940,[108963213]
242,ENSG00000121940_L1_BLUEPRINT_SE.neutrophil_ge,[1450],ENSG00000121940,[108963213]
243,ENSG00000143126_L1_BLUEPRINT_PE.T-cell_ge,"[1458, 1459, 1460, 1463]",ENSG00000143126,"[109241026, 109241238, 109241404, 109242159]"
244,ENSG00000143126_L1_BLUEPRINT_SE.monocyte_ge,"[1458, 1459, 1460, 1463]",ENSG00000143126,"[109241026, 109241238, 109241404, 109242159]"
245,ENSG00000168765_L1_Alasoo_2018.macrophage_IFNg+Salmonella_ge,"[1486, 1487, 1488, 1489]",ENSG00000168765,"[109639007, 109651023, 109654510, 109656105]"
246,ENSG00000168765_L1_Alasoo_2018.macrophage_naive_ge,"[1486, 1487, 1488, 1489]",ENSG00000168765,"[109639007, 109651023, 109654510, 109656105]"
247,ENSG00000168765_L1_Alasoo_2018.macrophage_IFNg_ge,[1487],ENSG00000168765,[109651023]
248,ENSG00000168765_L1_Alasoo_2018.macrophage_Salmonella_ge,"[1487, 1488, 1489]",ENSG00000168765,"[109651023, 109654510, 109656105]"
249,ENSG00000168765_L1_BLUEPRINT_PE.T-cell_ge,[1489],ENSG00000168765,[109656105]
250,ENSG00000168765_L1_BLUEPRINT_SE.monocyte_ge,[1489],ENSG00000168765,[109656105]
251,ENSG00000134184_L4_BLUEPRINT_SE.monocyte_ge,[1497],ENSG00000134184,[109668158]
252,ENSG00000168765_L3_BLUEPRINT_SE.monocyte_ge,[1497],ENSG00000168765,[109668158]
253,ENSG00000134184_L1_Alasoo_2018.macrophage_IFNg_ge,"[1504, 1506]",ENSG00000134184,"[109682397, 109687453]"
254,ENSG00000134184_L1_Alasoo_2018.macrophage_naive_ge,"[1504, 1506]",ENSG00000134184,"[109682397, 109687453]"
255,ENSG00000134184_L1_Alasoo_2018.macrophage_Salmonella_ge,"[1504, 1506]",ENSG00000134184,"[109682397, 109687453]"
256,ENSG00000134184_L2_BLUEPRINT_PE.T-cell_ge,[1505],ENSG00000134184,[109682810]
257,ENSG00000134184_L2_BLUEPRINT_SE.monocyte_ge,[1505],ENSG00000134184,[109682810]
258,ENSG00000213366_L2_BLUEPRINT_SE.monocyte_ge,[1505],ENSG00000213366,[109682810]
259,ENSG00000134184_L1_Alasoo_2018.macrophage_IFNg+Salmonella_ge,[1506],ENSG00000134184,[109687453]
260,ENSG00000134184_L1_BLUEPRINT_PE.T-cell_ge,"[1508, 1510, 1512, 1513]",ENSG00000134184,"[109697599, 109703431, 109708936, 109708937]"
261,ENSG00000134184_L1_BLUEPRINT_SE.monocyte_ge,[1508],ENSG00000134184,[109697599]
262,ENSG00000168765_L2_BLUEPRINT_SE.monocyte_ge,"[1508, 1510, 1512, 1513, 1514, 1515, 1526, 1527, 1528]",ENSG00000168765,"[109697599, 109703431, 109708936, 109708937, 109710593, 109714968, 109745935, 109746233, 109753609]"
263,ENSG00000213366_L1_BLUEPRINT_SE.monocyte_ge,"[1508, 1510, 1512, 1513, 1514, 1515, 1526, 1527, 1528]",ENSG00000213366,"[109697599, 109703431, 109708936, 109708937, 109710593, 109714968, 109745935, 109746233, 109753609]"
264,ENSG00000134202_L1_Alasoo_2018.macrophage_naive_ge,"[1517, 1518, 1519, 1521, 1524, 1525]",ENSG00000134202,"[109727471, 109728286, 109728807, 109735327, 109740350, 109741163]"
265,ENSG00000134202_L1_BLUEPRINT_SE.monocyte_ge,"[1517, 1518, 1519, 1521, 1524, 1525]",ENSG00000134202,"[109727471, 109728286, 109728807, 109735327, 109740350, 109741163]"
266,ENSG00000134202_L1_Alasoo_2018.macrophage_IFNg+Salmonella_ge,"[1524, 1525]",ENSG00000134202,"[109740350, 109741163]"
267,ENSG00000134202_L1_Alasoo_2018.macrophage_IFNg_ge,"[1524, 1525]",ENSG00000134202,"[109740350, 109741163]"
268,ENSG00000134202_L1_Alasoo_2018.macrophage_Salmonella_ge,"[1524, 1525]",ENSG00000134202,"[109740350, 109741163]"
269,ENSG00000134202_L1_BLUEPRINT_PE.T-cell_ge,"[1524, 1525]",ENSG00000134202,"[109740350, 109741163]"
270,ENSG00000134255_L2_BLUEPRINT_SE.monocyte_ge,[1532],ENSG00000134255,[111130734]
271,ENSG00000156171_L1_BLUEPRINT_SE.monocyte_ge,[1532],ENSG00000156171,[111130734]
272,ENSG00000064886_L2_BLUEPRINT_SE.monocyte_ge,"[1536, 1537, 1538, 1539]",ENSG00000064886,"[111190089, 111191102, 111193972, 111194776]"
273,ENSG00000134255_L1_BLUEPRINT_SE.monocyte_ge,"[1536, 1537, 1539]",ENSG00000134255,"[111190089, 111191102, 111194776]"
274,ENSG00000162777_L1_BLUEPRINT_SE.monocyte_ge,"[1536, 1537, 1538, 1539]",ENSG00000162777,"[111190089, 111191102, 111193972, 111194776]"
275,ENSG00000156171_L1_BLUEPRINT_SE.neutrophil_ge,"[1536, 1537, 1538, 1539]",ENSG00000156171,"[111190089, 111191102, 111193972, 111194776]"
276,ENSG00000162777_L1_BLUEPRINT_SE.neutrophil_ge,"[1536, 1537, 1538, 1539]",ENSG00000162777,"[111190089, 111191102, 111193972, 111194776]"
277,ENSG00000156171_L2_BLUEPRINT_SE.monocyte_ge,"[1537, 1538, 1539]",ENSG00000156171,"[111191102, 111193972, 111194776]"
278,ENSG00000134255_L1_BLUEPRINT_SE.neutrophil_ge,"[1537, 1538, 1539]",ENSG00000134255,"[111191102, 111193972, 111194776]"
279,ENSG00000134255_L1_BLUEPRINT_PE.T-cell_ge,[1540],ENSG00000134255,[111197723]
280,ENSG00000156171_L1_BLUEPRINT_PE.T-cell_ge,[1540],ENSG00000156171,[111197723]
281,ENSG00000162777_L1_BLUEPRINT_PE.T-cell_ge,[1540],ENSG00000162777,[111197723]
282,ENSG00000121933_L1_BLUEPRINT_SE.monocyte_ge,[1560],ENSG00000121933,[111489725]
283,ENSG00000121933_L1_BLUEPRINT_SE.neutrophil_ge,[1560],ENSG00000121933,[111489725]
284,ENSG00000155366_L1_BLUEPRINT_SE.monocyte_ge,[1573],ENSG00000155366,[112705091]
285,ENSG00000155366_L1_BLUEPRINT_SE.neutrophil_ge,[1573],ENSG00000155366,[112705091]
286,ENSG00000134262_L1_BLUEPRINT_SE.monocyte_ge,"[1578, 1579, 1580, 1583, 1584, 1585, 1586, 1587]",ENSG00000134262,"[113883379, 113886839, 113886893, 113903258, 113905767, 113907040, 113907207, 113908342]"
287,ENSG00000118655_L1_BLUEPRINT_SE.neutrophil_ge,"[1578, 1579, 1580, 1583, 1584, 1585, 1586, 1587]",ENSG00000118655,"[113883379, 113886839, 113886893, 113903258, 113905767, 113907040, 113907207, 113908342]"
288,ENSG00000118655_L1_BLUEPRINT_SE.monocyte_ge,"[1579, 1583, 1584, 1585, 1586, 1587]",ENSG00000118655,"[113886839, 113903258, 113905767, 113907040, 113907207, 113908342]"
289,ENSG00000175984_L1_BLUEPRINT_PE.T-cell_ge,"[1591, 1592, 1593]",ENSG00000175984,"[114552458, 114558791, 114669904]"
290,ENSG00000175984_L1_BLUEPRINT_SE.neutrophil_ge,"[1591, 1592, 1593]",ENSG00000175984,"[114552458, 114558791, 114669904]"
291,ENSG00000134247_L1_Alasoo_2018.macrophage_IFNg+Salmonella_ge,"[1605, 1606]",ENSG00000134247,"[116897500, 116909700]"
292,ENSG00000134247_L1_Alasoo_2018.macrophage_Salmonella_ge,"[1605, 1606]",ENSG00000134247,"[116897500, 116909700]"
293,ENSG00000134256_L1_BLUEPRINT_SE.monocyte_ge,"[1611, 1612]",ENSG00000134256,"[117009362, 117014609]"
294,ENSG00000134256_L1_BLUEPRINT_SE.neutrophil_ge,"[1611, 1612]",ENSG00000134256,"[117009362, 117014609]"
295,ENSG00000116874_L1_BLUEPRINT_PE.T-cell_ge,"[1639, 1640, 1641]",ENSG00000116874,"[119029918, 119035043, 119035214]"
296,ENSG00000116874_L1_BLUEPRINT_SE.monocyte_ge,"[1639, 1640, 1641]",ENSG00000116874,"[119029918, 119035043, 119035214]"
297,ENSG00000143067_L1_BLUEPRINT_SE.neutrophil_ge,[1649],ENSG00000143067,[119570169]
298,ENSG00000260941_L1_BLUEPRINT_SE.neutrophil_ge,[1649],ENSG00000260941,[119570169]
299,ENSG00000134250_L2_BLUEPRINT_PE.T-cell_ge,[1662],ENSG00000134250,[120149290]
300,ENSG00000226067_L2_BLUEPRINT_PE.T-cell_ge,[1662],ENSG00000226067,[120149290]
301,ENSG00000265808_L2_BLUEPRINT_SE.neutrophil_ge,[1662],ENSG00000265808,[120149290]
302,ENSG00000286106_L2_BLUEPRINT_PE.T-cell_ge,[1663],ENSG00000286106,[121094193]
303,ENSG00000286106_L2_BLUEPRINT_SE.monocyte_ge,[1663],ENSG00000286106,[121094193]
304,ENSG00000286106_L1_BLUEPRINT_PE.T-cell_ge,[1665],ENSG00000286106,[121120771]
305,ENSG00000286106_L3_BLUEPRINT_SE.monocyte_ge,[1665],ENSG00000286106,[121120771]
306,ENSG00000226067_L1_BLUEPRINT_PE.T-cell_ge,[1669],ENSG00000226067,[121210317]
307,ENSG00000226067_L1_BLUEPRINT_SE.monocyte_ge,[1669],ENSG00000226067,[121210317]
308,ENSG00000273136_L1_BLUEPRINT_SE.neutrophil_ge,[1669],ENSG00000273136,[121210317]
309,ENSG00000286106_L1_BLUEPRINT_SE.neutrophil_ge,[1669],ENSG00000286106,[121210317]
310,ENSG00000171943_L2_BLUEPRINT_SE.monocyte_ge,"[1670, 1701]",ENSG00000171943,"[121213660, 121632622]"
311,ENSG00000171943_L2_BLUEPRINT_SE.neutrophil_ge,"[1670, 1701]",ENSG00000171943,"[121213660, 121632622]"
312,ENSG00000171943_L1_BLUEPRINT_PE.T-cell_ge,"[1675, 1676]",ENSG00000171943,"[121375072, 121375092]"
313,ENSG00000171943_L1_BLUEPRINT_SE.monocyte_ge,"[1675, 1676]",ENSG00000171943,"[121375072, 121375092]"
314,ENSG00000273136_L2_BLUEPRINT_PE.T-cell_ge,"[1692, 1694, 1696, 1697]",ENSG00000273136,"[121546196, 121566482, 121607560, 121626512]"
315,ENSG00000273136_L2_BLUEPRINT_SE.monocyte_ge,"[1692, 1694, 1696, 1697]",ENSG00000273136,"[121546196, 121566482, 121607560, 121626512]"
316,ENSG00000117262_L1_BLUEPRINT_PE.T-cell_ge,[1712],ENSG00000117262,[145654417]
317,ENSG00000117262_L1_BLUEPRINT_SE.monocyte_ge,[1712],ENSG00000117262,[145654417]
318,ENSG00000264343_L2_BLUEPRINT_PE.T-cell_ge,"[1720, 1721]",ENSG00000264343,"[146015425, 146047815]"
319,ENSG00000271425_L1_BLUEPRINT_PE.T-cell_ge,"[1720, 1721]",ENSG00000271425,"[146015425, 146047815]"
320,ENSG00000143127_L1_BLUEPRINT_SE.monocyte_ge,"[1720, 1721, 1730, 1731, 1732]",ENSG00000143127,"[146015425, 146047815, 146136322, 146142948, 146242503]"
321,ENSG00000271425_L1_BLUEPRINT_SE.monocyte_ge,[1720],ENSG00000271425,[146015425]
322,ENSG00000271425_L1_BLUEPRINT_SE.neutrophil_ge,"[1720, 1721, 1730, 1731]",ENSG00000271425,"[146015425, 146047815, 146136322, 146142948]"
323,ENSG00000264343_L1_BLUEPRINT_PE.T-cell_ge,"[1722, 1723, 1724, 1725, 1727, 1728, 1729]",ENSG00000264343,"[146047911, 146048207, 146049507, 146049690, 146051831, 146058807, 146064103]"
324,ENSG00000264343_L1_BLUEPRINT_SE.monocyte_ge,"[1722, 1723, 1724, 1728, 1729]",ENSG00000264343,"[146047911, 146048207, 146049507, 146058807, 146064103]"
325,ENSG00000264343_L2_BLUEPRINT_SE.neutrophil_ge,"[1722, 1723, 1724, 1725, 1727, 1728, 1729]",ENSG00000264343,"[146047911, 146048207, 146049507, 146049690, 146051831, 146058807, 146064103]"
326,ENSG00000264343_L2_BLUEPRINT_SE.monocyte_ge,"[1730, 1732]",ENSG00000264343,"[146136322, 146242503]"
327,ENSG00000264343_L1_BLUEPRINT_SE.neutrophil_ge,[1730],ENSG00000264343,[146136322]
328,ENSG00000268043_L2_BLUEPRINT_PE.T-cell_ge,[1743],ENSG00000268043,[147001407]
329,ENSG00000268043_L1_BLUEPRINT_SE.monocyte_ge,[1743],ENSG00000268043,[147001407]
330,ENSG00000162836_L1_BLUEPRINT_PE.T-cell_ge,"[1753, 1754, 1755, 1756]",ENSG00000162836,"[147652507, 147652919, 147659350, 147659830]"
331,ENSG00000162836_L2_BLUEPRINT_SE.monocyte_ge,"[1753, 1754, 1755, 1756]",ENSG00000162836,"[147652507, 147652919, 147659350, 147659830]"
332,ENSG00000272755_L1_BLUEPRINT_PE.T-cell_ge,"[1772, 1775, 1776, 1777, 1778, 1779]",ENSG00000272755,"[148986598, 149067901, 149069402, 149069961, 149071526, 149071953]"
333,ENSG00000274265_L1_BLUEPRINT_PE.T-cell_ge,"[1772, 1775, 1776, 1777, 1778, 1779]",ENSG00000274265,"[148986598, 149067901, 149069402, 149069961, 149071526, 149071953]"
334,ENSG00000272755_L1_BLUEPRINT_SE.monocyte_ge,"[1772, 1776, 1777, 1778, 1779]",ENSG00000272755,"[148986598, 149069402, 149069961, 149071526, 149071953]"
335,ENSG00000272755_L1_BLUEPRINT_SE.neutrophil_ge,"[1772, 1776, 1777, 1778, 1779]",ENSG00000272755,"[148986598, 149069402, 149069961, 149071526, 149071953]"
336,ENSG00000274265_L1_BLUEPRINT_SE.neutrophil_ge,"[1772, 1776, 1777, 1778, 1779]",ENSG00000274265,"[148986598, 149069402, 149069961, 149071526, 149071953]"
337,ENSG00000178104_L1_BLUEPRINT_PE.T-cell_ge,[1773],ENSG00000178104,[149023934]
338,ENSG00000274265_L3_BLUEPRINT_PE.T-cell_ge,[1773],ENSG00000274265,[149023934]
339,ENSG00000269713_L2_BLUEPRINT_SE.monocyte_ge,[1773],ENSG00000269713,[149023934]
340,ENSG00000178104_L2_BLUEPRINT_PE.T-cell_ge,[1783],ENSG00000178104,[149171751]
341,ENSG00000269713_L1_BLUEPRINT_SE.monocyte_ge,"[1783, 1787, 1788]",ENSG00000269713,"[149171751, 149681227, 149689085]"
342,ENSG00000269713_L1_BLUEPRINT_SE.neutrophil_ge,"[1787, 1788]",ENSG00000269713,"[149681227, 149689085]"
343,ENSG00000143382_L1_BLUEPRINT_SE.monocyte_ge,[1794],ENSG00000143382,[150552402]
344,ENSG00000143382_L1_BLUEPRINT_SE.neutrophil_ge,[1794],ENSG00000143382,[150552402]
345,ENSG00000237781_L1_Alasoo_2018.macrophage_IFNg_ge,[1795],ENSG00000237781,[150558904]
346,ENSG00000237781_L1_Alasoo_2018.macrophage_naive_ge,[1795],ENSG00000237781,[150558904]
347,ENSG00000143458_L1_BLUEPRINT_PE.T-cell_ge,"[1818, 1819, 1820, 1821]",ENSG00000143458,"[151063152, 151071113, 151091640, 151092039]"
348,ENSG00000143458_L1_BLUEPRINT_SE.monocyte_ge,"[1818, 1819, 1820, 1821]",ENSG00000143458,"[151063152, 151071113, 151091640, 151092039]"
349,ENSG00000159445_L1_BLUEPRINT_PE.T-cell_ge,"[1828, 1829, 1830, 1831, 1832, 1833, 1835, 1836, 1837]",ENSG00000159445,"[151886412, 151886574, 151890185, 151893304, 151896416, 151905747, 151908617, 151910350, 151910380]"
350,ENSG00000159445_L1_BLUEPRINT_SE.monocyte_ge,"[1828, 1829, 1830, 1831, 1832, 1833, 1835, 1836, 1837]",ENSG00000159445,"[151886412, 151886574, 151890185, 151893304, 151896416, 151905747, 151908617, 151910350, 151910380]"
351,ENSG00000143546_L2_BLUEPRINT_SE.monocyte_ge,"[1840, 1841, 1842, 1843]",ENSG00000143546,"[153361324, 153362049, 153362908, 153363542]"
352,ENSG00000163221_L2_BLUEPRINT_SE.monocyte_ge,"[1840, 1841, 1842, 1843, 1844]",ENSG00000163221,"[153361324, 153362049, 153362908, 153363542, 153365467]"
353,ENSG00000163221_L2_BLUEPRINT_SE.neutrophil_ge,"[1841, 1842, 1843, 1844]",ENSG00000163221,"[153362049, 153362908, 153363542, 153365467]"
354,ENSG00000198837_L1_BLUEPRINT_PE.T-cell_ge,[1858],ENSG00000198837,[153736508]
355,ENSG00000198837_L1_BLUEPRINT_SE.monocyte_ge,[1858],ENSG00000198837,[153736508]
356,ENSG00000143552_L1_BLUEPRINT_PE.T-cell_ge,[1865],ENSG00000143552,[154155073]
357,ENSG00000143552_L1_BLUEPRINT_SE.monocyte_ge,[1865],ENSG00000143552,[154155073]
358,ENSG00000143552_L1_BLUEPRINT_SE.neutrophil_ge,[1865],ENSG00000143552,[154155073]
359,ENSG00000233875_L1_BLUEPRINT_PE.T-cell_ge,"[1877, 1878, 1879, 1880, 1881, 1882]",ENSG00000233875,"[154580974, 154581546, 154581729, 154581743, 154581881, 154583016]"
360,ENSG00000233875_L1_BLUEPRINT_SE.neutrophil_ge,"[1877, 1878, 1879, 1880, 1881, 1882]",ENSG00000233875,"[154580974, 154581546, 154581729, 154581743, 154581881, 154583016]"
361,ENSG00000143537_L1_Alasoo_2018.macrophage_naive_ge,"[1896, 1897]",ENSG00000143537,"[155061442, 155062156]"
362,ENSG00000143537_L1_BLUEPRINT_SE.monocyte_ge,"[1896, 1897]",ENSG00000143537,"[155061442, 155062156]"
363,ENSG00000169231_L1_BLUEPRINT_PE.T-cell_ge,[1898],ENSG00000169231,[155151361]
364,ENSG00000169231_L1_BLUEPRINT_SE.monocyte_ge,[1898],ENSG00000169231,[155151361]
365,ENSG00000169231_L2_BLUEPRINT_SE.neutrophil_ge,[1899],ENSG00000169231,[155214913]
366,ENSG00000173171_L1_BLUEPRINT_SE.neutrophil_ge,[1899],ENSG00000173171,[155214913]
367,ENSG00000196189_L1_BLUEPRINT_SE.monocyte_ge,"[1905, 1906, 1907]",ENSG00000196189,"[156177535, 156178005, 156179474]"
368,ENSG00000196189_L1_BLUEPRINT_SE.neutrophil_ge,"[1905, 1906, 1907]",ENSG00000196189,"[156177535, 156178005, 156179474]"
369,ENSG00000198715_L1_BLUEPRINT_SE.monocyte_ge,"[1910, 1911, 1912, 1913, 1915]",ENSG00000198715,"[156274030, 156275454, 156276682, 156279714, 156297689]"
370,ENSG00000198952_L1_BLUEPRINT_SE.monocyte_ge,"[1910, 1911, 1912, 1913]",ENSG00000198952,"[156274030, 156275454, 156276682, 156279714]"
371,ENSG00000198952_L1_BLUEPRINT_SE.neutrophil_ge,"[1910, 1911, 1912, 1913, 1915, 1917, 1918, 1919, 1920, 1922]",ENSG00000198952,"[156274030, 156275454, 156276682, 156279714, 156297689, 156302480, 156305490, 156317612, 156322575, 156334991]"
372,ENSG00000198952_L1_Alasoo_2018.macrophage_naive_ge,"[1915, 1917, 1918, 1919, 1920, 1922]",ENSG00000198952,"[156297689, 156302480, 156305490, 156317612, 156322575, 156334991]"
373,ENSG00000179639_L1_Alasoo_2018.macrophage_naive_ge,"[1950, 1951]",ENSG00000179639,"[159288755, 159302270]"
374,ENSG00000179639_L1_Alasoo_2018.macrophage_Salmonella_ge,"[1950, 1951]",ENSG00000179639,"[159288755, 159302270]"
375,ENSG00000179639_L1_BLUEPRINT_SE.monocyte_ge,"[1950, 1951]",ENSG00000179639,"[159288755, 159302270]"
376,ENSG00000162729_L2_BLUEPRINT_SE.monocyte_ge,"[1984, 1985]",ENSG00000162729,"[160166042, 160166418]"
377,ENSG00000162734_L1_BLUEPRINT_SE.monocyte_ge,"[1984, 1985]",ENSG00000162734,"[160166042, 160166418]"
378,ENSG00000132681_L1_BLUEPRINT_SE.monocyte_ge,[1985],ENSG00000132681,[160166418]
379,ENSG00000143318_L1_BLUEPRINT_SE.monocyte_ge,[1985],ENSG00000143318,[160166418]
380,ENSG00000117090_L1_BLUEPRINT_SE.monocyte_ge,"[1999, 2000]",ENSG00000117090,"[160683509, 160684996]"
381,ENSG00000117091_L1_BLUEPRINT_SE.monocyte_ge,"[1999, 2000]",ENSG00000117091,"[160683509, 160684996]"
382,ENSG00000158793_L2_BLUEPRINT_PE.T-cell_ge,"[2001, 2031, 2032, 2033]",ENSG00000158793,"[160979031, 161100460, 161118210, 161145072]"
383,ENSG00000158793_L2_BLUEPRINT_SE.monocyte_ge,"[2001, 2031, 2032, 2033]",ENSG00000158793,"[160979031, 161100460, 161118210, 161145072]"
384,ENSG00000215845_L1_Alasoo_2018.macrophage_naive_ge,[2011],ENSG00000215845,[161038745]
385,ENSG00000215845_L1_BLUEPRINT_SE.monocyte_ge,[2011],ENSG00000215845,[161038745]
386,ENSG00000215845_L1_BLUEPRINT_SE.neutrophil_ge,[2011],ENSG00000215845,[161038745]
387,ENSG00000158869_L1_BLUEPRINT_SE.monocyte_ge,"[2037, 2038]",ENSG00000158869,"[161207847, 161208894]"
388,ENSG00000158882_L1_BLUEPRINT_SE.neutrophil_ge,"[2037, 2038]",ENSG00000158882,"[161207847, 161208894]"
389,ENSG00000273112_L1_BLUEPRINT_SE.monocyte_ge,[2043],ENSG00000273112,[161513144]
390,ENSG00000273112_L1_BLUEPRINT_SE.neutrophil_ge,[2043],ENSG00000273112,[161513144]
391,ENSG00000162746_L1_Alasoo_2018.macrophage_IFNg+Salmonella_ge,"[2061, 2062, 2063, 2064, 2065]",ENSG00000162746,"[161715970, 161722137, 161725849, 161728404, 161730441]"
392,ENSG00000162746_L1_Alasoo_2018.macrophage_IFNg_ge,"[2061, 2062, 2063, 2064, 2065]",ENSG00000162746,"[161715970, 161722137, 161725849, 161728404, 161730441]"
393,ENSG00000143198_L2_BLUEPRINT_PE.T-cell_ge,"[2082, 2083, 2084, 2086, 2087]",ENSG00000143198,"[165630537, 165630909, 165631030, 165631369, 165632128]"
394,ENSG00000143198_L1_BLUEPRINT_SE.monocyte_ge,"[2082, 2083, 2084, 2086, 2087]",ENSG00000143198,"[165630537, 165630909, 165631030, 165631369, 165632128]"
395,ENSG00000143198_L1_BLUEPRINT_PE.T-cell_ge,[2085],ENSG00000143198,[165631255]
396,ENSG00000143198_L2_BLUEPRINT_SE.neutrophil_ge,[2085],ENSG00000143198,[165631255]
397,ENSG00000143198_L1_BLUEPRINT_SE.neutrophil_ge,[2087],ENSG00000143198,[165632128]
398,ENSG00000143167_L1_BLUEPRINT_PE.T-cell_ge,"[2114, 2116]",ENSG00000143167,"[167090225, 167090843]"
399,ENSG00000143167_L1_BLUEPRINT_SE.monocyte_ge,"[2114, 2116]",ENSG00000143167,"[167090225, 167090843]"
400,ENSG00000174175_L1_BLUEPRINT_SE.monocyte_ge,"[2162, 2163, 2164, 2165]",ENSG00000174175,"[169601838, 169601894, 169603709, 169604928]"
401,ENSG00000188404_L2_BLUEPRINT_SE.monocyte_ge,"[2162, 2164, 2165]",ENSG00000188404,"[169601838, 169603709, 169604928]"
402,ENSG00000188404_L2_BLUEPRINT_SE.neutrophil_ge,"[2162, 2163, 2164, 2165]",ENSG00000188404,"[169601838, 169601894, 169603709, 169604928]"
403,ENSG00000188404_L4_BLUEPRINT_SE.monocyte_ge,"[2171, 2172, 2173, 2174, 2175, 2177, 2180]",ENSG00000188404,"[169684518, 169685855, 169687914, 169688123, 169688221, 169693266, 169693938]"
404,ENSG00000188404_L3_BLUEPRINT_SE.neutrophil_ge,"[2171, 2172, 2173, 2174, 2175, 2177, 2180]",ENSG00000188404,"[169684518, 169685855, 169687914, 169688123, 169688221, 169693266, 169693938]"
405,ENSG00000188404_L1_Alasoo_2018.macrophage_IFNg_ge,"[2178, 2179, 2181, 2183, 2184]",ENSG00000188404,"[169693601, 169693837, 169695726, 169696491, 169697846]"
406,ENSG00000188404_L1_Alasoo_2018.macrophage_Salmonella_ge,"[2178, 2179, 2181, 2183, 2184]",ENSG00000188404,"[169693601, 169693837, 169695726, 169696491, 169697846]"
407,ENSG00000174175_L1_BLUEPRINT_PE.T-cell_ge,"[2178, 2179, 2181, 2182, 2183, 2184]",ENSG00000174175,"[169693601, 169693837, 169695726, 169696410, 169696491, 169697846]"
408,ENSG00000188404_L1_BLUEPRINT_PE.T-cell_ge,"[2178, 2179, 2181, 2183, 2184]",ENSG00000188404,"[169693601, 169693837, 169695726, 169696491, 169697846]"
409,ENSG00000174175_L2_BLUEPRINT_SE.neutrophil_ge,"[2178, 2179, 2181, 2182, 2183, 2184]",ENSG00000174175,"[169693601, 169693837, 169695726, 169696410, 169696491, 169697846]"
410,ENSG00000188404_L1_Alasoo_2018.macrophage_IFNg+Salmonella_ge,"[2181, 2183, 2184]",ENSG00000188404,"[169695726, 169696491, 169697846]"
411,ENSG00000188404_L1_BLUEPRINT_SE.monocyte_ge,"[2183, 2184]",ENSG00000188404,"[169696491, 169697846]"
412,ENSG00000188404_L1_BLUEPRINT_SE.neutrophil_ge,"[2183, 2184]",ENSG00000188404,"[169696491, 169697846]"
413,ENSG00000120370_L1_BLUEPRINT_PE.T-cell_ge,[2192],ENSG00000120370,[170532380]
414,ENSG00000120370_L1_BLUEPRINT_SE.monocyte_ge,[2192],ENSG00000120370,[170532380]
415,ENSG00000076321_L1_BLUEPRINT_PE.T-cell_ge,"[2217, 2218]",ENSG00000076321,"[173502751, 173551078]"
416,ENSG00000117593_L1_BLUEPRINT_PE.T-cell_ge,"[2217, 2218]",ENSG00000117593,"[173502751, 173551078]"
417,ENSG00000203739_L1_BLUEPRINT_PE.T-cell_ge,"[2217, 2218]",ENSG00000203739,"[173502751, 173551078]"
418,ENSG00000117592_L1_BLUEPRINT_PE.T-cell_ge,[2218],ENSG00000117592,[173551078]
419,ENSG00000116161_L1_BLUEPRINT_SE.monocyte_ge,"[2223, 2224, 2225, 2226, 2227]",ENSG00000116161,"[175000135, 175002546, 175008271, 175008967, 175016066]"
420,ENSG00000116161_L1_BLUEPRINT_SE.neutrophil_ge,"[2223, 2224, 2225, 2226, 2227]",ENSG00000116161,"[175000135, 175002546, 175008271, 175008967, 175016066]"
421,ENSG00000186283_L1_Alasoo_2018.macrophage_naive_ge,[2236],ENSG00000186283,[179095990]
422,ENSG00000186283_L2_BLUEPRINT_SE.monocyte_ge,[2236],ENSG00000186283,[179095990]
423,ENSG00000143322_L1_BLUEPRINT_SE.monocyte_ge,"[2238, 2239]",ENSG00000143322,"[179202038, 179221523]"
424,ENSG00000143322_L1_BLUEPRINT_SE.neutrophil_ge,"[2238, 2239]",ENSG00000143322,"[179202038, 179221523]"
425,ENSG00000116260_L1_Alasoo_2018.macrophage_naive_ge,[2243],ENSG00000116260,[180158613]
426,ENSG00000116260_L1_BLUEPRINT_SE.neutrophil_ge,[2243],ENSG00000116260,[180158613]
427,ENSG00000153029_L1_BLUEPRINT_PE.T-cell_ge,"[2250, 2251, 2252, 2254]",ENSG00000153029,"[181049663, 181051094, 181052721, 181053759]"
428,ENSG00000153029_L1_BLUEPRINT_SE.monocyte_ge,"[2250, 2251, 2252, 2254]",ENSG00000153029,"[181049663, 181051094, 181052721, 181053759]"
429,ENSG00000135828_L2_BLUEPRINT_SE.monocyte_ge,"[2264, 2265, 2266, 2267, 2268, 2270]",ENSG00000135828,"[182579472, 182580201, 182585422, 182586901, 182590629, 182592917]"
430,ENSG00000135828_L1_BLUEPRINT_SE.neutrophil_ge,"[2264, 2265, 2266, 2267, 2268, 2270]",ENSG00000135828,"[182579472, 182580201, 182585422, 182586901, 182590629, 182592917]"
431,ENSG00000058085_L1_Alasoo_2018.macrophage_IFNg+Salmonella_ge,[2275],ENSG00000058085,[183186170]
432,ENSG00000058085_L1_Alasoo_2018.macrophage_IFNg_ge,[2275],ENSG00000058085,[183186170]
433,ENSG00000058085_L1_Alasoo_2018.macrophage_naive_ge,[2275],ENSG00000058085,[183186170]
434,ENSG00000058085_L1_Alasoo_2018.macrophage_Salmonella_ge,[2275],ENSG00000058085,[183186170]
435,ENSG00000116667_L1_Alasoo_2018.macrophage_IFNg+Salmonella_ge,"[2280, 2281, 2282, 2283, 2284, 2285, 2286, 2287]",ENSG00000116667,"[184398593, 184414792, 184416022, 184418229, 184432174, 184436225, 184438289, 184438295]"
436,ENSG00000116667_L1_Alasoo_2018.macrophage_naive_ge,"[2280, 2281, 2282, 2283, 2284, 2285, 2286, 2287]",ENSG00000116667,"[184398593, 184414792, 184416022, 184418229, 184432174, 184436225, 184438289, 184438295]"
437,ENSG00000116667_L1_Alasoo_2018.macrophage_IFNg_ge,"[2282, 2283]",ENSG00000116667,"[184416022, 184418229]"
438,ENSG00000090104_L1_BLUEPRINT_SE.monocyte_ge,"[2305, 2306]",ENSG00000090104,"[192571891, 192575665]"
439,ENSG00000090104_L1_BLUEPRINT_SE.neutrophil_ge,"[2305, 2306]",ENSG00000090104,"[192571891, 192575665]"
440,ENSG00000116857_L1_Alasoo_2018.macrophage_IFNg_ge,"[2327, 2328, 2330, 2331, 2332, 2333]",ENSG00000116857,"[201141835, 201144269, 201151602, 201154617, 201154671, 201156198]"
441,ENSG00000116857_L1_Alasoo_2018.macrophage_naive_ge,"[2327, 2328, 2329, 2330, 2331, 2332, 2333]",ENSG00000116857,"[201141835, 201144269, 201147783, 201151602, 201154617, 201154671, 201156198]"
442,ENSG00000116857_L1_BLUEPRINT_PE.T-cell_ge,"[2327, 2328, 2330, 2331, 2332, 2333]",ENSG00000116857,"[201141835, 201144269, 201151602, 201154617, 201154671, 201156198]"
443,ENSG00000116857_L1_BLUEPRINT_SE.monocyte_ge,"[2327, 2328, 2329, 2331, 2332, 2333]",ENSG00000116857,"[201141835, 201144269, 201147783, 201154617, 201154671, 201156198]"
444,ENSG00000116857_L1_BLUEPRINT_SE.neutrophil_ge,"[2331, 2332, 2333]",ENSG00000116857,"[201154617, 201154671, 201156198]"
445,ENSG00000176393_L1_Alasoo_2018.macrophage_IFNg_ge,"[2358, 2359, 2361, 2362, 2363, 2364, 2379, 2380, 2381]",ENSG00000176393,"[201973601, 201973882, 201974813, 201977799, 201978306, 201978644, 201985640, 201985696, 201985859]"
446,ENSG00000176393_L1_Alasoo_2018.macrophage_naive_ge,"[2358, 2359, 2361, 2362, 2363, 2364, 2379, 2380, 2381]",ENSG00000176393,"[201973601, 201973882, 201974813, 201977799, 201978306, 201978644, 201985640, 201985696, 201985859]"
447,ENSG00000143851_L2_BLUEPRINT_SE.monocyte_ge,[2389],ENSG00000143851,[202160068]
448,ENSG00000143851_L1_BLUEPRINT_SE.neutrophil_ge,[2389],ENSG00000143851,[202160068]
449,ENSG00000143851_L1_BLUEPRINT_PE.T-cell_ge,[2390],ENSG00000143851,[202160077]
450,ENSG00000143851_L1_BLUEPRINT_SE.monocyte_ge,[2390],ENSG00000143851,[202160077]
451,ENSG00000143851_L3_BLUEPRINT_SE.neutrophil_ge,[2390],ENSG00000143851,[202160077]
452,ENSG00000143862_L1_BLUEPRINT_SE.neutrophil_ge,[2390],ENSG00000143862,[202160077]
453,ENSG00000133048_L1_BLUEPRINT_SE.neutrophil_ge,"[2442, 2444]",ENSG00000133048,"[203186754, 203186952]"
454,ENSG00000133055_L1_BLUEPRINT_SE.neutrophil_ge,"[2442, 2444]",ENSG00000133055,"[203186754, 203186952]"
455,ENSG00000163545_L1_BLUEPRINT_SE.monocyte_ge,[2476],ENSG00000163545,[205313851]
456,ENSG00000163545_L1_BLUEPRINT_SE.neutrophil_ge,[2476],ENSG00000163545,[205313851]
457,ENSG00000162877_L1_BLUEPRINT_PE.T-cell_ge,"[2501, 2504]",ENSG00000162877,"[205798757, 205813590]"
458,ENSG00000133065_L1_BLUEPRINT_SE.monocyte_ge,"[2501, 2504]",ENSG00000133065,"[205798757, 205813590]"
459,ENSG00000263528_L1_BLUEPRINT_SE.monocyte_ge,"[2512, 2513, 2519, 2522]",ENSG00000263528,"[206469196, 206469763, 206470715, 206472931]"
460,ENSG00000263528_L1_BLUEPRINT_SE.neutrophil_ge,"[2512, 2513, 2519, 2522]",ENSG00000263528,"[206469196, 206469763, 206470715, 206472931]"
461,ENSG00000082512_L1_BLUEPRINT_SE.monocyte_ge,"[2591, 2592]",ENSG00000082512,"[211382789, 211423526]"
462,ENSG00000153363_L1_BLUEPRINT_SE.neutrophil_ge,"[2591, 2592]",ENSG00000153363,"[211382789, 211423526]"
463,ENSG00000153363_L1_BLUEPRINT_SE.monocyte_ge,[2592],ENSG00000153363,[211423526]
464,ENSG00000066027_L1_BLUEPRINT_SE.neutrophil_ge,"[2612, 2614, 2615, 2616, 2618, 2620, 2621, 2622, 2623, 2624]",ENSG00000066027,"[212255852, 212256060, 212256061, 212256062, 212257858, 212258610, 212259584, 212260899, 212265678, 212266864]"
465,ENSG00000229832_L1_BLUEPRINT_SE.neutrophil_ge,"[2612, 2614, 2615, 2616, 2618, 2620, 2621, 2622, 2623, 2624]",ENSG00000229832,"[212255852, 212256060, 212256061, 212256062, 212257858, 212258610, 212259584, 212260899, 212265678, 212266864]"
466,ENSG00000123685_L1_BLUEPRINT_SE.monocyte_ge,"[2639, 2640, 2641, 2642, 2643, 2644, 2645, 2646, 2647, 2648]",ENSG00000123685,"[212696505, 212696950, 212697270, 212697739, 212698410, 212699510, 212699732, 212699754, 212700089, 212700215]"
467,ENSG00000123685_L1_BLUEPRINT_SE.neutrophil_ge,"[2639, 2640, 2641, 2642, 2643, 2644, 2645, 2646, 2647, 2648]",ENSG00000123685,"[212696505, 212696950, 212697270, 212697739, 212698410, 212699510, 212699732, 212699754, 212700089, 212700215]"
468,ENSG00000117724_L1_BLUEPRINT_PE.T-cell_ge,"[2661, 2662, 2663]",ENSG00000117724,"[214586307, 214602949, 214640352]"
469,ENSG00000117724_L1_BLUEPRINT_SE.monocyte_ge,"[2661, 2662, 2663]",ENSG00000117724,"[214586307, 214602949, 214640352]"
470,ENSG00000143498_L1_Alasoo_2018.macrophage_IFNg+Salmonella_ge,"[2705, 2706, 2707, 2708, 2709]",ENSG00000143498,"[222555766, 222556240, 222557151, 222557152, 222557153]"
471,ENSG00000143498_L1_Alasoo_2018.macrophage_Salmonella_ge,"[2705, 2706, 2707, 2708, 2709, 2713, 2723]",ENSG00000143498,"[222555766, 222556240, 222557151, 222557152, 222557153, 222569334, 222599318]"
472,ENSG00000143498_L1_BLUEPRINT_PE.T-cell_ge,"[2711, 2712, 2714, 2715, 2716, 2718, 2719, 2720]",ENSG00000143498,"[222559967, 222563063, 222574743, 222575521, 222575631, 222580519, 222588307, 222589684]"
473,ENSG00000143498_L1_BLUEPRINT_SE.monocyte_ge,"[2711, 2712, 2714, 2715, 2716, 2718, 2719, 2720]",ENSG00000143498,"[222559967, 222563063, 222574743, 222575521, 222575631, 222580519, 222588307, 222589684]"
474,ENSG00000143498_L1_BLUEPRINT_SE.neutrophil_ge,"[2711, 2712, 2713, 2714, 2715, 2716, 2719, 2720, 2723]",ENSG00000143498,"[222559967, 222563063, 222569334, 222574743, 222575521, 222575631, 222588307, 222589684, 222599318]"
475,ENSG00000154309_L1_BLUEPRINT_SE.monocyte_ge,[2729],ENSG00000154309,[222814186]
476,ENSG00000228106_L1_BLUEPRINT_SE.neutrophil_ge,[2729],ENSG00000228106,[222814186]
477,ENSG00000143811_L1_BLUEPRINT_SE.monocyte_ge,[2737],ENSG00000143811,[225924245]
478,ENSG00000143811_L1_BLUEPRINT_SE.neutrophil_ge,[2737],ENSG00000143811,[225924245]
479,ENSG00000143801_L1_BLUEPRINT_SE.neutrophil_ge,"[2741, 2742, 2743, 2744, 2745, 2746, 2747, 2748, 2749, 2750]",ENSG00000143801,"[226985776, 226986444, 226986509, 226988461, 226989360, 226989492, 226989592, 226989743, 226993246, 226993280]"
480,ENSG00000163050_L1_BLUEPRINT_SE.neutrophil_ge,"[2741, 2742, 2743, 2744, 2745, 2746, 2747, 2748, 2749, 2750]",ENSG00000163050,"[226985776, 226986444, 226986509, 226988461, 226989360, 226989492, 226989592, 226989743, 226993246, 226993280]"
481,ENSG00000168159_L1_Alasoo_2018.macrophage_Salmonella_ge,"[2759, 2760]",ENSG00000168159,"[228478656, 228486817]"
482,ENSG00000168159_L1_BLUEPRINT_PE.T-cell_ge,"[2759, 2760]",ENSG00000168159,"[228478656, 228486817]"
483,ENSG00000168159_L1_BLUEPRINT_SE.monocyte_ge,"[2759, 2760]",ENSG00000168159,"[228478656, 228486817]"
484,ENSG00000154429_L3_BLUEPRINT_SE.monocyte_ge,[2770],ENSG00000154429,[229342020]
485,ENSG00000154429_L1_BLUEPRINT_SE.neutrophil_ge,[2770],ENSG00000154429,[229342020]
486,ENSG00000135775_L1_BLUEPRINT_SE.monocyte_ge,[2784],ENSG00000135775,[230604963]
487,ENSG00000232964_L1_BLUEPRINT_SE.monocyte_ge,[2784],ENSG00000232964,[230604963]
488,ENSG00000135744_L1_Alasoo_2018.macrophage_IFNg+Salmonella_ge,[2785],ENSG00000135744,[230714140]
489,ENSG00000135744_L1_Alasoo_2018.macrophage_IFNg_ge,[2785],ENSG00000135744,[230714140]
490,ENSG00000135744_L1_Alasoo_2018.macrophage_naive_ge,[2785],ENSG00000135744,[230714140]
491,ENSG00000135744_L1_Alasoo_2018.macrophage_Salmonella_ge,[2785],ENSG00000135744,[230714140]
492,ENSG00000162946_L1_BLUEPRINT_PE.T-cell_ge,"[2814, 2815]",ENSG00000162946,"[231631484, 231632793]"
493,ENSG00000162946_L1_BLUEPRINT_SE.neutrophil_ge,"[2814, 2815]",ENSG00000162946,"[231631484, 231632793]"
494,ENSG00000116991_L1_BLUEPRINT_SE.monocyte_ge,[2816],ENSG00000116991,[232611120]
495,ENSG00000116991_L1_BLUEPRINT_SE.neutrophil_ge,[2816],ENSG00000116991,[232611120]
496,ENSG00000135778_L1_Alasoo_2018.macrophage_IFNg+Salmonella_ge,"[2818, 2819, 2820, 2821, 2822]",ENSG00000135778,"[232935057, 232953982, 232955717, 232969255, 232978862]"
497,ENSG00000135778_L1_Alasoo_2018.macrophage_IFNg_ge,"[2818, 2819, 2820, 2821]",ENSG00000135778,"[232935057, 232953982, 232955717, 232969255]"
498,ENSG00000135778_L1_Alasoo_2018.macrophage_naive_ge,"[2818, 2819, 2820, 2821, 2822]",ENSG00000135778,"[232935057, 232953982, 232955717, 232969255, 232978862]"
499,ENSG00000135778_L1_Alasoo_2018.macrophage_Salmonella_ge,"[2818, 2819, 2820, 2821, 2822]",ENSG00000135778,"[232935057, 232953982, 232955717, 232969255, 232978862]"
500,ENSG00000135778_L2_BLUEPRINT_PE.T-cell_ge,"[2819, 2820, 2821, 2822]",ENSG00000135778,"[232953982, 232955717, 232969255, 232978862]"
501,ENSG00000168275_L1_BLUEPRINT_PE.T-cell_ge,"[2845, 2846, 2847]",ENSG00000168275,"[234314629, 234315400, 234315413]"
502,ENSG00000231272_L1_BLUEPRINT_PE.T-cell_ge,"[2845, 2846, 2847]",ENSG00000231272,"[234314629, 234315400, 234315413]"
503,ENSG00000183780_L1_BLUEPRINT_SE.monocyte_ge,"[2845, 2846, 2847]",ENSG00000183780,"[234314629, 234315400, 234315413]"
504,ENSG00000231272_L1_BLUEPRINT_SE.monocyte_ge,"[2845, 2846, 2847]",ENSG00000231272,"[234314629, 234315400, 234315413]"
505,ENSG00000183780_L1_BLUEPRINT_PE.T-cell_ge,[2847],ENSG00000183780,[234315413]
506,ENSG00000231663_L1_BLUEPRINT_PE.T-cell_ge,"[2852, 2853]",ENSG00000231663,"[234373513, 234375757]"
507,ENSG00000168275_L1_BLUEPRINT_SE.monocyte_ge,"[2852, 2853]",ENSG00000168275,"[234373513, 234375757]"
508,ENSG00000231663_L1_BLUEPRINT_SE.monocyte_ge,"[2852, 2853]",ENSG00000231663,"[234373513, 234375757]"
509,ENSG00000168275_L1_BLUEPRINT_SE.neutrophil_ge,[2852],ENSG00000168275,[234373513]
510,ENSG00000168275_L1_Alasoo_2018.macrophage_naive_ge,[2853],ENSG00000168275,[234375757]
511,ENSG00000162885_L1_Alasoo_2018.macrophage_IFNg_ge,"[2865, 2866]",ENSG00000162885,"[235488623, 235489470]"
512,ENSG00000162885_L1_Alasoo_2018.macrophage_naive_ge,"[2865, 2866]",ENSG00000162885,"[235488623, 235489470]"
513,ENSG00000162885_L1_BLUEPRINT_PE.T-cell_ge,[2865],ENSG00000162885,[235488623]
514,ENSG00000162885_L1_BLUEPRINT_SE.monocyte_ge,[2865],ENSG00000162885,[235488623]
515,ENSG00000162885_L1_BLUEPRINT_SE.neutrophil_ge,[2865],ENSG00000162885,[235488623]
516,ENSG00000077585_L1_BLUEPRINT_PE.T-cell_ge,"[2874, 2875, 2876, 2877, 2878]",ENSG00000077585,"[236138001, 236140031, 236140947, 236141950, 236143525]"
517,ENSG00000077585_L1_BLUEPRINT_SE.monocyte_ge,"[2874, 2875, 2876, 2877, 2878]",ENSG00000077585,"[236138001, 236140031, 236140947, 236141950, 236143525]"
518,ENSG00000077585_L1_BLUEPRINT_SE.neutrophil_ge,"[2876, 2877, 2878]",ENSG00000077585,"[236140947, 236141950, 236143525]"
519,ENSG00000054277_L1_BLUEPRINT_SE.monocyte_ge,"[2899, 2900, 2902, 2908]",ENSG00000054277,"[241625539, 241626436, 241632982, 241642749]"
520,ENSG00000054277_L1_BLUEPRINT_SE.neutrophil_ge,"[2899, 2900, 2902, 2908]",ENSG00000054277,"[241625539, 241626436, 241632982, 241642749]"
521,ENSG00000035687_L1_Alasoo_2018.macrophage_IFNg+Salmonella_ge,"[2919, 2920, 2925, 2926, 2927, 2928]",ENSG00000035687,"[244353032, 244353936, 244361458, 244363923, 244365452, 244367180]"
522,ENSG00000173728_L1_Alasoo_2018.macrophage_IFNg+Salmonella_ge,"[2919, 2920, 2923, 2924, 2925, 2926, 2927, 2928]",ENSG00000173728,"[244353032, 244353936, 244358225, 244358434, 244361458, 244363923, 244365452, 244367180]"
523,ENSG00000173728_L1_Alasoo_2018.macrophage_Salmonella_ge,"[2923, 2924, 2925, 2926, 2927, 2928]",ENSG00000173728,"[244358225, 244358434, 244361458, 244363923, 244365452, 244367180]"
524,ENSG00000203667_L1_BLUEPRINT_PE.T-cell_ge,[2935],ENSG00000203667,[244857065]
525,ENSG00000203667_L2_BLUEPRINT_SE.neutrophil_ge,[2935],ENSG00000203667,[244857065]
526,ENSG00000203666_L1_Alasoo_2018.macrophage_IFNg+Salmonella_ge,"[2938, 2939]",ENSG00000203666,"[244965992, 244970360]"
527,ENSG00000203666_L1_Alasoo_2018.macrophage_IFNg_ge,"[2938, 2939]",ENSG00000203666,"[244965992, 244970360]"
528,ENSG00000203666_L1_Alasoo_2018.macrophage_naive_ge,"[2938, 2939]",ENSG00000203666,"[244965992, 244970360]"
529,ENSG00000203666_L1_Alasoo_2018.macrophage_Salmonella_ge,"[2938, 2939]",ENSG00000203666,"[244965992, 244970360]"
530,ENSG00000143653_L1_BLUEPRINT_PE.T-cell_ge,"[2951, 2952, 2954, 2955, 2956, 2957, 2958]",ENSG00000143653,"[246711075, 246711573, 246716229, 246717887, 246718634, 246721162, 246721765]"
531,ENSG00000143653_L1_BLUEPRINT_SE.monocyte_ge,"[2951, 2952, 2954, 2955, 2956, 2957, 2958]",ENSG00000143653,"[246711075, 246711573, 246716229, 246717887, 246718634, 246721162, 246721765]"
532,ENSG00000153207_L1_BLUEPRINT_SE.neutrophil_ge,"[2964, 2966, 2967, 2969, 2971]",ENSG00000153207,"[246945421, 246952343, 246952749, 246958279, 246962065]"
533,ENSG00000197472_L2_BLUEPRINT_SE.neutrophil_ge,"[2964, 2966, 2967, 2969, 2971]",ENSG00000197472,"[246945421, 246952343, 246952749, 246958279, 246962065]"
534,ENSG00000135747_L1_BLUEPRINT_SE.neutrophil_ge,"[2970, 2972, 2973]",ENSG00000135747,"[246962053, 246962448, 246962854]"
535,ENSG00000153207_L2_BLUEPRINT_SE.neutrophil_ge,"[2970, 2972, 2973]",ENSG00000153207,"[246962053, 246962448, 246962854]"
536,ENSG00000187080_L1_BLUEPRINT_PE.T-cell_ge,[3013],ENSG00000187080,[247937031]
537,ENSG00000197454_L1_BLUEPRINT_PE.T-cell_ge,[3013],ENSG00000197454,[247937031]
538,ENSG00000203663_L1_BLUEPRINT_PE.T-cell_ge,[3013],ENSG00000203663,[247937031]
539,ENSG00000196071_L1_BLUEPRINT_PE.T-cell_ge,[3014],ENSG00000196071,[247937246]
540,ENSG00000198128_L1_BLUEPRINT_PE.T-cell_ge,[3014],ENSG00000198128,[247937246]
541,ENSG00000279263_L1_BLUEPRINT_PE.T-cell_ge,[3014],ENSG00000279263,[247937246]
